Empresa;Data;Close;Volume;Open;High;Low
IBM;02/23/2023;$130,79 ;3725648;$131,50 ;$131,70 ;$128,86 
IBM;02/22/2023;$130,97 ;3200185;$131,90 ;$131,99 ;$130,29 
IBM;02/21/2023;$131,71 ;4257210;$134 ;$134,39 ;$131,66 
IBM;02/17/2023;$135,02 ;3466184;$134,50 ;$135,58 ;$133,89 
IBM;02/16/2023;$135 ;2965495;$135,57 ;$135,97 ;$134,59 
IBM;02/15/2023;$136,40 ;2507004;$135,20 ;$136,45 ;$135,07 
IBM;02/14/2023;$136,01 ;3202172;$137,05 ;$137,24 ;$135,05 
IBM;02/13/2023;$137,35 ;4403015;$136 ;$137,39 ;$135,85 
IBM;02/10/2023;$135,60 ;5049571;$133,78 ;$135,77 ;$133,50 
IBM;02/09/2023;$133,75 ;3918817;$134,99 ;$135,73 ;$133,34 
IBM;02/08/2023;$135,98 ;4593748;$135,71 ;$136,74 ;$135,16 
IBM;02/07/2023;$135,84 ;3737553;$135,67 ;$136,40 ;$134,45 
IBM;02/06/2023;$136,18 ;4841300;$135,83 ;$136,32 ;$134,95 
IBM;02/03/2023;$136,94 ;3755720;$136,35 ;$136,95 ;$135,53 
IBM;02/02/2023;$136,39 ;6107793;$135,96 ;$136,72 ;$134,85 
IBM;02/01/2023;$135,09 ;5428898;$134,49 ;$135,79 ;$132,80 
IBM;01/31/2023;$134,73 ;7206448;$135,50 ;$135,65 ;$133,76 
IBM;01/30/2023;$135,30 ;5375712;$134,32 ;$136,11 ;$133,98 
IBM;01/27/2023;$134,39 ;8143146;$134,44 ;$135,49 ;$133,77 
IBM;01/26/2023;$134,45 ;17548480;$137,53 ;$138,27 ;$132,98 
IBM;01/25/2023;$140,76 ;7347453;$140,47 ;$141,03 ;$139,36 
IBM;01/24/2023;$141,49 ;4407622;$141,25 ;$142,75 ;$140 
IBM;01/23/2023;$141,86 ;5898436;$141,40 ;$142,99 ;$141,06 
IBM;01/20/2023;$141,20 ;7153341;$141,67 ;$141,86 ;$140,51 
IBM;01/19/2023;$140,62 ;4833924;$140 ;$142,23 ;$139,75 
IBM;01/18/2023;$140,41 ;6445642;$144,40 ;$144,68 ;$140,23 
IBM;01/17/2023;$145,19 ;2986461;$146,42 ;$147,18 ;$145,01 
IBM;01/13/2023;$145,89 ;2455786;$144,06 ;$146,10 ;$144,01 
IBM;01/12/2023;$145,55 ;2716118;$144,88 ;$146,66 ;$144,52 
IBM;01/11/2023;$145,26 ;3268738;$145 ;$145,53 ;$143,45 
IBM;01/10/2023;$144,80 ;2152172;$143,61 ;$144,85 ;$142,90 
IBM;01/09/2023;$143,55 ;3987782;$144,08 ;$145,47 ;$143,40 
IBM;01/06/2023;$143,70 ;3574042;$142,38 ;$144,25 ;$141,58 
IBM;01/05/2023;$141,11 ;2866648;$142,44 ;$142,50 ;$140,01 
IBM;01/04/2023;$142,60 ;3869236;$142,07 ;$143,62 ;$141,37 
IBM;01/03/2023;$141,55 ;3338829;$141,10 ;$141,90 ;$140,48 
IBM;12/30/2022;$140,89 ;2858110;$140,54 ;$140,90 ;$139,45 
IBM;12/29/2022;$141,06 ;2337207;$140,58 ;$142,26 ;$140,45 
IBM;12/28/2022;$140,02 ;2539577;$142,40 ;$142,81 ;$139,95 
IBM;12/27/2022;$142,42 ;2742525;$141,73 ;$142,72 ;$141,23 
IBM;12/23/2022;$141,65 ;2092715;$140,59 ;$141,86 ;$139,60 
IBM;12/22/2022;$140,88 ;3337851;$140,95 ;$141,44 ;$138,62 
IBM;12/21/2022;$142,14 ;3793700;$141,84 ;$143,09 ;$140,98 
IBM;12/20/2022;$141,28 ;5156450;$138,84 ;$141,43 ;$138,34 
IBM;12/19/2022;$138,87 ;5282860;$140,16 ;$140,44 ;$137,20 
IBM;12/16/2022;$140,16 ;9834427;$141,25 ;$141,92 ;$138,97 
IBM;12/15/2022;$142,36 ;6687744;$148,52 ;$148,98 ;$141,58 
IBM;12/14/2022;$149,86 ;4205878;$150,47 ;$151,91 ;$148,45 
IBM;12/13/2022;$150,57 ;8811553;$150,37 ;$153,21 ;$149,95 
IBM;12/12/2022;$149,21 ;4032780;$147,82 ;$149,21 ;$146,94 
IBM;12/09/2022;$147,05 ;3047581;$147,40 ;$148,34 ;$146,97 
IBM;12/08/2022;$147,78 ;2665687;$147,90 ;$149,15 ;$147,37 
IBM;12/07/2022;$147,27 ;3971285;$147,33 ;$148,11 ;$146,29 
IBM;12/06/2022;$147,50 ;2847610;$147,30 ;$147,80 ;$146,70 
IBM;12/05/2022;$147,41 ;2784767;$147,94 ;$148,93 ;$146,80 
IBM;12/02/2022;$148,67 ;2899995;$148,13 ;$149,16 ;$147,73 
IBM;12/01/2022;$149,16 ;4495924;$149,98 ;$150,01 ;$147,34 
IBM;11/30/2022;$148,90 ;6377582;$146,19 ;$149,64 ;$145,67 
IBM;11/29/2022;$146,49 ;2754744;$145,91 ;$147,17 ;$145,70 
IBM;11/28/2022;$146,18 ;3538696;$147,98 ;$148,24 ;$145,94 
IBM;11/25/2022;$148,37 ;2075156;$148,27 ;$149,49 ;$148,10 
IBM;11/23/2022;$148,75 ;3658459;$149,10 ;$150,46 ;$148,30 
IBM;11/22/2022;$149,10 ;7062060;$147,60 ;$149,35 ;$147,02 
IBM;11/21/2022;$146,68 ;3476208;$147,55 ;$147,93 ;$146,45 
IBM;11/18/2022;$147,64 ;4661735;$146,56 ;$148,31 ;$145,94 
IBM;11/17/2022;$146,09 ;3955162;$143,41 ;$146,18 ;$143,25 
IBM;11/16/2022;$144,52 ;3445302;$144,13 ;$144,95 ;$144,01 
IBM;11/15/2022;$144,34 ;4727107;$144,08 ;$146,16 ;$142 
IBM;11/14/2022;$144,20 ;5245624;$142,63 ;$146,08 ;$142,18 
IBM;11/11/2022;$143,17 ;5871264;$141,50 ;$144,13 ;$140,96 
IBM;11/10/2022;$141,23 ;5389025;$140,26 ;$141,37 ;$138,29 
IBM;11/09/2022;$137,39 ;4720007;$137,95 ;$138,90 ;$136,94 
IBM;11/08/2022;$140,04 ;5042756;$139 ;$140,93 ;$138,72 
IBM;11/07/2022;$138,34 ;4043062;$136,64 ;$138,70 ;$136,51 
IBM;11/04/2022;$136,96 ;4177972;$135,65 ;$137,73 ;$134,94 
IBM;11/03/2022;$134,47 ;4442443;$136,42 ;$136,48 ;$133,97 
IBM;11/02/2022;$136,83 ;5365264;$137,75 ;$140,17 ;$136,80 
IBM;11/01/2022;$138,20 ;3590607;$138,25 ;$138,65 ;$136,70 
IBM;10/31/2022;$138,29 ;4915270;$138,06 ;$138,77 ;$136,60 
IBM;10/28/2022;$138,51 ;5965457;$135,56 ;$138,86 ;$135,22 
IBM;10/27/2022;$134,77 ;3993168;$135,55 ;$136,40 ;$134,45 
IBM;10/26/2022;$135,01 ;5140023;$133,72 ;$135,86 ;$132,81 
IBM;10/25/2022;$132,93 ;5957623;$132 ;$133,30 ;$131,30 
IBM;10/24/2022;$132,69 ;5610914;$130,90 ;$133,11 ;$129,85 
IBM;10/21/2022;$129,90 ;7201256;$128,39 ;$130,85 ;$127,59 
IBM;10/20/2022;$128,30 ;13623120;$126,25 ;$128,96 ;$125,15 
IBM;10/19/2022;$122,51 ;5906576;$122,36 ;$123,94 ;$121,99 
IBM;10/18/2022;$122,94 ;5120336;$123 ;$123,94 ;$121,82 
IBM;10/17/2022;$121,52 ;5458585;$121,80 ;$122,88 ;$121,43 
IBM;10/14/2022;$120,04 ;3763840;$121,80 ;$122,54 ;$119,84 
IBM;10/13/2022;$121,79 ;5837645;$116,10 ;$122,15 ;$115,55 
IBM;10/12/2022;$117,57 ;3338754;$118 ;$118,81 ;$117,20 
IBM;10/11/2022;$117,80 ;4043265;$117,46 ;$119,23 ;$116,94 
IBM;10/10/2022;$117,75 ;5990008;$119,79 ;$119,96 ;$117,04 
IBM;10/07/2022;$118,82 ;4499672;$121,50 ;$121,80 ;$118,07 
IBM;10/06/2022;$122,23 ;5074624;$124,88 ;$125,30 ;$121,77 
IBM;10/05/2022;$125,74 ;3212872;$124,71 ;$126,46 ;$124,23 
IBM;10/04/2022;$125,50 ;4566055;$122,80 ;$125,65 ;$122,52 
IBM;10/03/2022;$121,51 ;4261729;$120,16 ;$122,21 ;$119,60 
IBM;09/30/2022;$118,81 ;5346108;$121,66 ;$122,43 ;$118,61 
IBM;09/29/2022;$121,63 ;3817723;$121,85 ;$122,62 ;$120,57 
IBM;09/28/2022;$122,76 ;4996378;$121,65 ;$123,23 ;$119,81 
IBM;09/27/2022;$121,74 ;4117215;$122,60 ;$123,95 ;$121,08 
IBM;09/26/2022;$122,01 ;3987817;$122,30 ;$124,26 ;$121,75 
IBM;09/23/2022;$122,71 ;5195693;$124,53 ;$125 ;$121,74 
IBM;09/22/2022;$125,31 ;4046748;$124,76 ;$126,51 ;$124,41 
IBM;09/21/2022;$124,93 ;3389545;$126,89 ;$127,84 ;$124,92 
IBM;09/20/2022;$126,30 ;2837485;$126,90 ;$126,99 ;$125,52 
IBM;09/19/2022;$127,73 ;3981606;$126,49 ;$128,06 ;$126,28 
IBM;09/16/2022;$127,27 ;9839696;$124,36 ;$127,53 ;$123,83 
IBM;09/15/2022;$125,49 ;5141671;$127,39 ;$127,47 ;$124,90 
IBM;09/14/2022;$127,69 ;3819067;$127,50 ;$129 ;$126,85 
IBM;09/13/2022;$127,25 ;4565585;$129,14 ;$129,91 ;$126,77 
IBM;09/12/2022;$130,66 ;3741168;$130,33 ;$130,99 ;$129,89 
IBM;09/09/2022;$129,19 ;3293365;$128,90 ;$129,49 ;$128,06 
IBM;09/08/2022;$128,47 ;2964613;$127,20 ;$128,54 ;$126,59 
IBM;09/07/2022;$127,71 ;2401513;$126,69 ;$127,87 ;$126,28 
IBM;09/06/2022;$126,72 ;3347108;$127,80 ;$128,06 ;$126,30 
IBM;09/02/2022;$127,79 ;3040813;$130,30 ;$130,56 ;$127,24 
IBM;09/01/2022;$129,66 ;3396219;$128,40 ;$129,82 ;$127,74 
IBM;08/31/2022;$128,45 ;3490380;$129,92 ;$130 ;$128,40 
IBM;08/30/2022;$129,58 ;2407888;$130,56 ;$130,77 ;$129,29 
IBM;08/29/2022;$130,31 ;2782973;$129,99 ;$131,42 ;$129,57 
IBM;08/26/2022;$130,38 ;4185254;$134,10 ;$134,18 ;$130,34 
IBM;08/25/2022;$133,98 ;2706005;$133,65 ;$134,43 ;$133,07 
IBM;08/24/2022;$133,23 ;2855421;$134,89 ;$135,11 ;$133,11 
IBM;08/23/2022;$134,74 ;4141798;$135,37 ;$136,10 ;$134,72 
IBM;08/22/2022;$135,55 ;3093629;$137,65 ;$137,85 ;$135,47 
IBM;08/19/2022;$138,37 ;3155842;$138,75 ;$139,34 ;$137,66 
IBM;08/18/2022;$139,07 ;3177726;$137,79 ;$139,12 ;$137,75 
IBM;08/17/2022;$137,79 ;3667568;$136,46 ;$138,42 ;$136,30 
IBM;08/16/2022;$136,56 ;4313600;$134,60 ;$137,37 ;$134,45 
IBM;08/15/2022;$134,93 ;2791241;$132,96 ;$135,19 ;$132,24 
IBM;08/12/2022;$134,01 ;2767054;$132,62 ;$134,09 ;$131,98 
IBM;08/11/2022;$132,54 ;3501925;$132,36 ;$133,23 ;$132 
IBM;08/10/2022;$131,50 ;3663995;$130,75 ;$131,78 ;$130,34 
IBM;08/09/2022;$129,47 ;3495991;$129,92 ;$130,79 ;$129,12 
IBM;08/08/2022;$132,61 ;3825145;$133,10 ;$133,35 ;$132,02 
IBM;08/05/2022;$132,48 ;2586519;$131,25 ;$132,67 ;$131,07 
IBM;08/04/2022;$131,64 ;3179789;$132,15 ;$132,29 ;$131,02 
IBM;08/03/2022;$132,34 ;3088532;$131,82 ;$132,86 ;$131,32 
IBM;08/02/2022;$131,81 ;4403633;$132,20 ;$132,78 ;$130,51 
IBM;08/01/2022;$132,04 ;4142099;$130,75 ;$132,70 ;$130,70 
IBM;07/29/2022;$130,79 ;5786815;$129,52 ;$131 ;$129,31 
IBM;07/28/2022;$129,22 ;3913680;$128,75 ;$129,81 ;$128,61 
IBM;07/27/2022;$129,12 ;4175625;$127,97 ;$129,43 ;$127,58 
IBM;07/26/2022;$128,08 ;3645313;$128,26 ;$129,30 ;$127,63 
IBM;07/25/2022;$128,54 ;4702352;$128,44 ;$129,13 ;$127,90 
IBM;07/22/2022;$128,25 ;6467205;$127,03 ;$128,32 ;$125,71 
IBM;07/21/2022;$127,15 ;11975360;$128,75 ;$128,81 ;$125,13 
IBM;07/20/2022;$129,18 ;9882016;$130,70 ;$130,72 ;$128,06 
IBM;07/19/2022;$130,88 ;29690540;$131,58 ;$132,56 ;$127,72 
IBM;07/18/2022;$138,13 ;8231694;$140,15 ;$140,31 ;$137,78 
IBM;07/15/2022;$139,92 ;4519320;$140,68 ;$140,68 ;$138,61 
IBM;07/14/2022;$139,06 ;5298351;$135,60 ;$139,43 ;$135,02 
IBM;07/13/2022;$137,18 ;4123213;$137,18 ;$138,90 ;$136,80 
IBM;07/12/2022;$139,18 ;3235571;$140,84 ;$141,55 ;$138,57 
IBM;07/11/2022;$141 ;3912773;$140,62 ;$141,87 ;$140,13 
IBM;07/08/2022;$140,47 ;2820928;$140,76 ;$141,32 ;$139,82 
IBM;07/07/2022;$140,83 ;3897077;$138,91 ;$141,33 ;$138,83 
IBM;07/06/2022;$138,08 ;3237059;$138 ;$139,14 ;$137,13 
IBM;07/05/2022;$137,62 ;6274067;$139,97 ;$139,97 ;$135,27 
IBM;07/01/2022;$141,12 ;4012106;$141 ;$141,67 ;$139,26 
IBM;06/30/2022;$141,19 ;4878020;$139,58 ;$142,46 ;$139,28 
IBM;06/29/2022;$140,71 ;4161491;$142,74 ;$143,52 ;$139,50 
IBM;06/28/2022;$141,86 ;4065202;$142,92 ;$144,16 ;$141,32 
IBM;06/27/2022;$142,80 ;3935968;$142,26 ;$143,83 ;$141,95 
IBM;06/24/2022;$142,06 ;11493010;$139,20 ;$142,37 ;$139,13 
IBM;06/23/2022;$138,44 ;4547925;$137,14 ;$138,62 ;$136,50 
IBM;06/22/2022;$137,08 ;3791635;$136,10 ;$138,18 ;$136,03 
IBM;06/21/2022;$137,85 ;4089272;$135,90 ;$138,50 ;$135,90 
IBM;06/17/2022;$135,02 ;12968510;$135,99 ;$136,98 ;$132,85 
IBM;06/16/2022;$135,67 ;5386396;$135,30 ;$136,24 ;$134,39 
IBM;06/15/2022;$137,06 ;4606887;$136,01 ;$138,45 ;$135,58 
IBM;06/14/2022;$135,72 ;4607785;$135 ;$136,95 ;$134,86 
IBM;06/13/2022;$135,11 ;6486044;$133,97 ;$137,57 ;$133,76 
IBM;06/10/2022;$136,19 ;4661716;$137,80 ;$137,80 ;$135,25 
IBM;06/09/2022;$137,96 ;3592551;$140,15 ;$141,04 ;$137,93 
IBM;06/08/2022;$140,83 ;3005666;$142,07 ;$142,80 ;$140,15 
IBM;06/07/2022;$142,78 ;2887051;$142,60 ;$142,98 ;$140,96 
IBM;06/06/2022;$142,88 ;4767100;$142,98 ;$144,73 ;$142 
IBM;06/03/2022;$141,18 ;4352213;$140,26 ;$142,58 ;$139,74 
IBM;06/02/2022;$140,15 ;3734812;$139,45 ;$140,29 ;$136,85 
IBM;06/01/2022;$139,43 ;3796488;$139,67 ;$140,47 ;$138,52 
IBM;05/31/2022;$138,84 ;7978053;$138,20 ;$139,83 ;$136,81 
IBM;05/27/2022;$139,27 ;4608215;$137,39 ;$139,74 ;$137,24 
IBM;05/26/2022;$136,89 ;3929338;$135 ;$137,55 ;$134,52 
IBM;05/25/2022;$134,39 ;3299303;$132,86 ;$134,82 ;$132,86 
IBM;05/24/2022;$133,80 ;4189723;$130,57 ;$134,37 ;$130,42 
IBM;05/23/2022;$131,17 ;3591511;$129,50 ;$131,95 ;$129,42 
IBM;05/20/2022;$128,48 ;6914458;$130,18 ;$130,37 ;$125,80 
IBM;05/19/2022;$129,66 ;5819664;$132 ;$132,32 ;$128,71 
IBM;05/18/2022;$132,94 ;6003015;$137,10 ;$137,62 ;$132,17 
IBM;05/17/2022;$138,37 ;4372909;$137,19 ;$138,37 ;$135,64 
IBM;05/16/2022;$135,03 ;4250395;$133,10 ;$136,51 ;$132,41 
IBM;05/13/2022;$133,60 ;4195218;$133 ;$133,80 ;$131,05 
IBM;05/12/2022;$132,90 ;5384809;$131,27 ;$133,62 ;$130,41 
IBM;05/11/2022;$130,75 ;5301131;$129,86 ;$132,96 ;$129,86 
IBM;05/10/2022;$129,13 ;8642398;$135 ;$135,41 ;$128,43 
IBM;05/09/2022;$134,44 ;7647933;$134,41 ;$136,35 ;$133,32 
IBM;05/06/2022;$137,67 ;7306396;$135,47 ;$137,99 ;$135,47 
IBM;05/05/2022;$135,92 ;5957434;$136,46 ;$137,26 ;$134,76 
IBM;05/04/2022;$137,40 ;5932574;$132,87 ;$137,87 ;$132,14 
IBM;05/03/2022;$132,52 ;3688574;$133 ;$133,60 ;$131,99 
IBM;05/02/2022;$133,04 ;4213477;$133 ;$133,77 ;$130,89 
IBM;04/29/2022;$132,21 ;5078660;$135,13 ;$135,55 ;$132 
IBM;04/28/2022;$135,74 ;4477068;$136,85 ;$136,99 ;$134,81 
IBM;04/27/2022;$135,06 ;4369052;$135,78 ;$137,12 ;$134,63 
IBM;04/26/2022;$136,19 ;4956236;$139 ;$139,87 ;$136,17 
IBM;04/25/2022;$139,10 ;5748289;$137,59 ;$139,65 ;$135,19 
IBM;04/22/2022;$138,25 ;6508599;$139,70 ;$140,44 ;$137,35 
IBM;04/21/2022;$139,85 ;9922349;$138,23 ;$141,88 ;$137,35 
IBM;04/20/2022;$138,32 ;17859160;$135 ;$139,56 ;$133,38 
IBM;04/19/2022;$129,15 ;7971361;$126,08 ;$129,40 ;$126 
IBM;04/18/2022;$126,17 ;4884150;$126,60 ;$127,39 ;$125,53 
IBM;04/14/2022;$126,56 ;6384180;$128,93 ;$130,58 ;$126,38 
IBM;04/13/2022;$126,14 ;3064918;$125,64 ;$126,67 ;$124,91 
IBM;04/12/2022;$125,98 ;2690998;$126,42 ;$127,34 ;$125,58 
IBM;04/11/2022;$126,37 ;3202545;$127,95 ;$128,18 ;$126,18 
IBM;04/08/2022;$127,73 ;3143309;$128,01 ;$128,78 ;$127,27 
IBM;04/07/2022;$128,55 ;3538317;$128,87 ;$129,25 ;$126,73 
IBM;04/06/2022;$129,39 ;3958057;$127,78 ;$129,52 ;$127,25 
IBM;04/05/2022;$128,89 ;3107181;$129,85 ;$131,23 ;$128,66 
IBM;04/04/2022;$130,27 ;2811100;$130,26 ;$130,45 ;$128,93 
IBM;04/01/2022;$130,15 ;4012373;$129,66 ;$130,27 ;$128,06 
IBM;03/31/2022;$130,02 ;4274029;$130,72 ;$131,88 ;$130 
IBM;03/30/2022;$132,13 ;2622860;$132,01 ;$133,08 ;$131,39 
IBM;03/29/2022;$131,94 ;5791032;$132,04 ;$132,84 ;$130,43 
IBM;03/28/2022;$131,47 ;2483492;$130,82 ;$131,50 ;$129,60 
IBM;03/25/2022;$131,35 ;3531746;$129,50 ;$131,40 ;$129,31 
IBM;03/24/2022;$129,25 ;2971075;$128,33 ;$129,37 ;$127,80 
IBM;03/23/2022;$128,30 ;2924535;$129,08 ;$129,32 ;$128,25 
IBM;03/22/2022;$129,06 ;2690193;$128,50 ;$129,30 ;$127,85 
IBM;03/21/2022;$128,10 ;3384636;$129 ;$129,74 ;$127,40 
IBM;03/18/2022;$128,76 ;7466026;$127,38 ;$128,93 ;$126,37 
IBM;03/17/2022;$127,96 ;3671903;$127,10 ;$128,29 ;$126,53 
IBM;03/16/2022;$127,04 ;4292845;$126,50 ;$127,28 ;$124,71 
IBM;03/15/2022;$125,64 ;4021228;$124 ;$125,94 ;$123,22 
IBM;03/14/2022;$123,94 ;3289440;$124,45 ;$125,16 ;$122,69 
IBM;03/11/2022;$123,96 ;4119630;$125 ;$126,77 ;$123,91 
IBM;03/10/2022;$124,35 ;5326835;$125,75 ;$126,03 ;$123,13 
IBM;03/09/2022;$126,22 ;4403499;$127,41 ;$128,10 ;$125,91 
IBM;03/08/2022;$125,68 ;4887565;$126,62 ;$128,35 ;$124,82 
IBM;03/07/2022;$126,07 ;5047358;$126,47 ;$127,91 ;$125,62 
IBM;03/04/2022;$126,62 ;4402911;$124,40 ;$127,35 ;$124,21 
IBM;03/03/2022;$125,93 ;5206649;$124,96 ;$126,67 ;$124,24 
IBM;03/02/2022;$123,86 ;4891435;$122,59 ;$124,64 ;$121,80 
IBM;03/01/2022;$121,35 ;4873331;$122,67 ;$123,39 ;$120,70 
IBM;02/28/2022;$122,51 ;6757332;$122,21 ;$123,39 ;$121,04 
IBM;02/25/2022;$124,18 ;4460904;$122,05 ;$124,26 ;$121,45 
IBM;02/24/2022;$121,97 ;6563202;$120 ;$122,10 ;$118,81 
IBM;02/23/2022;$122,07 ;4086367;$124,38 ;$124,70 ;$121,87 
Microsoft;02/23/2023;$254,77 ;29219100;$255,56 ;$256,84 ;$250,48 
Microsoft;02/22/2023;$251,51 ;22491060;$254,09 ;$254,34 ;$250,34 
Microsoft;02/21/2023;$252,67 ;28397440;$254,48 ;$255,49 ;$251,59 
Microsoft;02/17/2023;$258,06 ;30000060;$259,39 ;$260,09 ;$256 
Microsoft;02/16/2023;$262,15 ;29603620;$264,02 ;$266,74 ;$261,90 
Microsoft;02/15/2023;$269,32 ;28962160;$268,32 ;$270,73 ;$266,18 
Microsoft;02/14/2023;$272,17 ;37047920;$272,67 ;$274,97 ;$269,28 
Microsoft;02/13/2023;$271,32 ;44630920;$267,64 ;$274,60 ;$267,15 
Microsoft;02/10/2023;$263,10 ;25818490;$261,53 ;$264,09 ;$260,66 
Microsoft;02/09/2023;$263,62 ;42375100;$273,80 ;$273,98 ;$262,80 
Microsoft;02/08/2023;$266,73 ;54686050;$273,20 ;$276,76 ;$266,21 
Microsoft;02/07/2023;$267,56 ;50841370;$260,53 ;$268,78 ;$260,08 
Microsoft;02/06/2023;$256,77 ;22518000;$257,44 ;$258,30 ;$254,78 
Microsoft;02/03/2023;$258,35 ;29077260;$259,54 ;$264,20 ;$257,10 
Microsoft;02/02/2023;$264,60 ;39940440;$258,82 ;$264,69 ;$257,25 
Microsoft;02/01/2023;$252,75 ;31259910;$248 ;$255,18 ;$245,47 
Microsoft;01/31/2023;$247,81 ;26541070;$243,45 ;$247,95 ;$242,95 
Microsoft;01/30/2023;$242,71 ;25867370;$244,51 ;$245,60 ;$242,20 
Microsoft;01/27/2023;$248,16 ;26498940;$248,99 ;$249,83 ;$246,83 
Microsoft;01/26/2023;$248 ;33454490;$243,65 ;$248,31 ;$242 
Microsoft;01/25/2023;$240,61 ;66526640;$234,48 ;$243,30 ;$230,90 
Microsoft;01/24/2023;$242,04 ;40234440;$242,50 ;$243,95 ;$240,44 
Microsoft;01/23/2023;$242,58 ;31933950;$241,10 ;$245,17 ;$239,65 
Microsoft;01/20/2023;$240,22 ;35389810;$234,86 ;$240,74 ;$234,51 
Microsoft;01/19/2023;$231,93 ;28623030;$233,78 ;$235,52 ;$230,68 
Microsoft;01/18/2023;$235,81 ;30028690;$241,57 ;$242,38 ;$235,52 
Microsoft;01/17/2023;$240,35 ;29831260;$237,97 ;$240,91 ;$237,09 
Microsoft;01/13/2023;$239,23 ;21333270;$237,00 ;$239,37 ;$234,92 
Microsoft;01/12/2023;$238,51 ;27269490;$235,26 ;$239,90 ;$233,56 
Microsoft;01/11/2023;$235,77 ;28669330;$231,29 ;$235,95 ;$231,11 
Microsoft;01/10/2023;$228,85 ;27033880;$227,76 ;$231,31 ;$227,33 
Microsoft;01/09/2023;$227,12 ;27369780;$226,45 ;$231,24 ;$226,41 
Microsoft;01/06/2023;$224,93 ;43613570;$223 ;$225,76 ;$219,35 
Microsoft;01/05/2023;$222,31 ;39585620;$227,20 ;$227,55 ;$221,76 
Microsoft;01/04/2023;$229,10 ;50623390;$232,28 ;$232,87 ;$225,96 
Microsoft;01/03/2023;$239,58 ;25740040;$243,08 ;$245,75 ;$237,40 
Microsoft;12/30/2022;$239,82 ;21938470;$238,21 ;$239,96 ;$236,66 
Microsoft;12/29/2022;$241,01 ;19770690;$235,65 ;$241,92 ;$235,65 
Microsoft;12/28/2022;$234,53 ;17457100;$236,89 ;$239,72 ;$234,17 
Microsoft;12/27/2022;$236,96 ;16688650;$238,70 ;$238,93 ;$235,83 
Microsoft;12/23/2022;$238,73 ;21206980;$236,11 ;$238,87 ;$233,94 
Microsoft;12/22/2022;$238,19 ;28651660;$241,26 ;$241,99 ;$233,87 
Microsoft;12/21/2022;$244,43 ;23690610;$241,69 ;$245,62 ;$240,11 
Microsoft;12/20/2022;$241,80 ;25150800;$239,40 ;$242,91 ;$238,42 
Microsoft;12/19/2022;$240,45 ;29696440;$244,86 ;$245,21 ;$238,71 
Microsoft;12/16/2022;$244,69 ;86101990;$248,55 ;$249,84 ;$243,51 
Microsoft;12/15/2022;$249,01 ;35568090;$253,72 ;$254,20 ;$247,34 
Microsoft;12/14/2022;$257,22 ;35410930;$257,13 ;$262,59 ;$254,31 
Microsoft;12/13/2022;$256,92 ;42196880;$261,69 ;$263,92 ;$253,07 
Microsoft;12/12/2022;$252,51 ;30665070;$247,45 ;$252,54 ;$247,17 
Microsoft;12/09/2022;$245,42 ;20609740;$244,70 ;$248,31 ;$244,16 
Microsoft;12/08/2022;$247,40 ;22611760;$244,84 ;$248,74 ;$243,06 
Microsoft;12/07/2022;$244,37 ;20481520;$244,83 ;$246,16 ;$242,21 
Microsoft;12/06/2022;$245,12 ;22463730;$250,82 ;$251,86 ;$243,78 
Microsoft;12/05/2022;$250,20 ;23435290;$252,01 ;$253,82 ;$248,06 
Microsoft;12/02/2022;$255,02 ;21528520;$249,82 ;$256,06 ;$249,69 
Microsoft;12/01/2022;$254,69 ;26041520;$253,87 ;$256,12 ;$250,92 
Microsoft;11/30/2022;$255,14 ;47594240;$240,57 ;$255,33 ;$239,86 
Microsoft;11/29/2022;$240,33 ;17956310;$241,40 ;$242,79 ;$238,21 
Microsoft;11/28/2022;$241,76 ;24810270;$246,08 ;$246,65 ;$240,80 
Microsoft;11/25/2022;$247,49 ;9200772;$247,31 ;$248,70 ;$246,73 
Microsoft;11/23/2022;$247,58 ;19508460;$245,11 ;$248,28 ;$244,27 
Microsoft;11/22/2022;$245,03 ;19665700;$243,59 ;$245,31 ;$240,71 
Microsoft;11/21/2022;$242,05 ;26394700;$241,43 ;$244,67 ;$241,19 
Microsoft;11/18/2022;$241,22 ;27613520;$243,51 ;$243,74 ;$239,03 
Microsoft;11/17/2022;$241,68 ;23123540;$237,78 ;$243,25 ;$237,63 
Microsoft;11/16/2022;$241,73 ;24093270;$242,79 ;$243,80 ;$240,42 
Microsoft;11/15/2022;$241,97 ;31390120;$245,66 ;$247 ;$240,03 
Microsoft;11/14/2022;$241,55 ;31123340;$241,99 ;$243,91 ;$239,21 
Microsoft;11/11/2022;$247,11 ;34620250;$242,99 ;$247,99 ;$241,93 
Microsoft;11/10/2022;$242,98 ;46268020;$235,43 ;$243,33 ;$235 
Microsoft;11/09/2022;$224,51 ;27852910;$227,37 ;$228,63 ;$224,33 
Microsoft;11/08/2022;$228,87 ;28192550;$228,70 ;$231,65 ;$225,84 
Microsoft;11/07/2022;$227,87 ;33497980;$221,99 ;$228,41 ;$221,28 
Microsoft;11/04/2022;$221,39 ;36789060;$217,55 ;$221,59 ;$213,43 
Microsoft;11/03/2022;$214,25 ;36633920;$220,09 ;$220,41 ;$213,98 
Microsoft;11/02/2022;$220,10 ;38407010;$229,46 ;$231,30 ;$220,04 
Microsoft;11/01/2022;$228,17 ;30592270;$234,60 ;$235,74 ;$227,33 
Microsoft;10/31/2022;$232,13 ;28357270;$233,76 ;$234,92 ;$231,15 
Microsoft;10/28/2022;$235,87 ;40647720;$226,24 ;$236,60 ;$226,05 
Microsoft;10/27/2022;$226,75 ;40424650;$231,04 ;$233,69 ;$225,78 
Microsoft;10/26/2022;$231,32 ;82684850;$231,17 ;$238,30 ;$230,06 
Microsoft;10/25/2022;$250,66 ;34775510;$247,26 ;$251,04 ;$245,83 
Microsoft;10/24/2022;$247,25 ;24911210;$243,76 ;$247,84 ;$241,30 
Microsoft;10/21/2022;$242,12 ;26299730;$234,74 ;$243 ;$234,50 
Microsoft;10/20/2022;$236,15 ;21811020;$235,77 ;$241,31 ;$234,87 
Microsoft;10/19/2022;$236,48 ;19985700;$237,04 ;$239,61 ;$234,29 
Microsoft;10/18/2022;$238,50 ;26329590;$243,24 ;$243,93 ;$235,37 
Microsoft;10/17/2022;$237,53 ;28142270;$235,82 ;$238,96 ;$235,14 
Microsoft;10/14/2022;$228,56 ;30198590;$235,54 ;$237,24 ;$228,34 
Microsoft;10/13/2022;$234,24 ;42551820;$219,85 ;$236,10 ;$219,13 
Microsoft;10/12/2022;$225,75 ;21903940;$225,40 ;$227,86 ;$223,96 
Microsoft;10/11/2022;$225,41 ;30473950;$227,62 ;$229,06 ;$224,11 
Microsoft;10/10/2022;$229,25 ;29743610;$233,05 ;$234,56 ;$226,73 
Microsoft;10/07/2022;$234,24 ;37769600;$240,90 ;$241,32 ;$233,17 
Microsoft;10/06/2022;$246,79 ;20239890;$247,93 ;$250,34 ;$246,08 
Microsoft;10/05/2022;$249,20 ;20347140;$245,99 ;$250,58 ;$244,10 
Microsoft;10/04/2022;$248,88 ;34888420;$245,09 ;$250,36 ;$244,98 
Microsoft;10/03/2022;$240,74 ;28880360;$235,41 ;$241,61 ;$234,66 
Microsoft;09/30/2022;$232,90 ;35694830;$238,29 ;$240,54 ;$232,73 
Microsoft;09/29/2022;$237,50 ;27484230;$238,89 ;$239,95 ;$234,41 
Microsoft;09/28/2022;$241,07 ;29029680;$236,81 ;$242,33 ;$234,73 
Microsoft;09/27/2022;$236,41 ;27018730;$239,98 ;$241,80 ;$234,50 
Microsoft;09/26/2022;$237,45 ;27694190;$237,05 ;$241,45 ;$236,90 
Microsoft;09/23/2022;$237,92 ;34176050;$239,54 ;$241,13 ;$235,20 
Microsoft;09/22/2022;$240,98 ;31061160;$237,87 ;$243,86 ;$237,57 
Microsoft;09/21/2022;$238,95 ;28625560;$244,27 ;$247,66 ;$238,90 
Microsoft;09/20/2022;$242,45 ;26660300;$242,07 ;$243,51 ;$239,64 
Microsoft;09/19/2022;$244,52 ;26826930;$242,47 ;$245,14 ;$240,85 
Microsoft;09/16/2022;$244,74 ;39791770;$244,26 ;$245,30 ;$242,06 
Microsoft;09/15/2022;$245,38 ;31530950;$249,77 ;$251,40 ;$244,02 
Microsoft;09/14/2022;$252,22 ;23912950;$253,53 ;$254,23 ;$249,86 
Microsoft;09/13/2022;$251,99 ;33353320;$258,84 ;$260,40 ;$251,59 
Microsoft;09/12/2022;$266,65 ;18747690;$265,78 ;$267,45 ;$265,16 
Microsoft;09/09/2022;$264,46 ;22093190;$260,50 ;$265,23 ;$260,29 
Microsoft;09/08/2022;$258,52 ;20319910;$257,51 ;$260,43 ;$254,79 
Microsoft;09/07/2022;$258,09 ;24126700;$254,70 ;$258,83 ;$253,22 
Microsoft;09/06/2022;$253,25 ;21328240;$256,20 ;$257,83 ;$251,94 
Microsoft;09/02/2022;$256,06 ;22855380;$261,70 ;$264,74 ;$254,47 
Microsoft;09/01/2022;$260,40 ;23263430;$258,87 ;$260,89 ;$255,41 
Microsoft;08/31/2022;$261,47 ;24791830;$265,39 ;$267,11 ;$261,33 
Microsoft;08/30/2022;$262,97 ;22767070;$266,67 ;$267,05 ;$260,66 
Microsoft;08/29/2022;$265,23 ;20338540;$265,85 ;$267,40 ;$263,85 
Microsoft;08/26/2022;$268,09 ;27549310;$279,08 ;$280,34 ;$267,98 
Microsoft;08/25/2022;$278,85 ;16583410;$277,33 ;$279,02 ;$274,52 
Microsoft;08/24/2022;$275,79 ;18137020;$275,41 ;$277,23 ;$275,11 
Microsoft;08/23/2022;$276,44 ;17527410;$276,44 ;$278,86 ;$275,40 
Microsoft;08/22/2022;$277,75 ;25061070;$282,08 ;$282,46 ;$277,22 
Microsoft;08/19/2022;$286,15 ;20570030;$288,90 ;$289,25 ;$285,56 
Microsoft;08/18/2022;$290,17 ;17186190;$290,19 ;$291,91 ;$289,08 
Microsoft;08/17/2022;$291,32 ;18253360;$289,74 ;$293,35 ;$289,47 
Microsoft;08/16/2022;$292,71 ;18102880;$291,99 ;$294,04 ;$290,42 
Microsoft;08/15/2022;$293,47 ;18085650;$291 ;$294,18 ;$290,11 
Microsoft;08/12/2022;$291,91 ;22619680;$288,48 ;$291,91 ;$286,94 
Microsoft;08/11/2022;$287,02 ;20065940;$290,85 ;$291,21 ;$286,51 
Microsoft;08/10/2022;$289,16 ;24687850;$288,17 ;$289,81 ;$286,94 
Microsoft;08/09/2022;$282,30 ;23405240;$279,64 ;$283,08 ;$277,61 
Microsoft;08/08/2022;$280,32 ;18757820;$284,05 ;$285,92 ;$279,32 
Microsoft;08/05/2022;$282,91 ;16774610;$279,15 ;$283,65 ;$278,68 
Microsoft;08/04/2022;$283,65 ;18098670;$281,80 ;$283,80 ;$280,17 
Microsoft;08/03/2022;$282,47 ;23518870;$276,76 ;$283,50 ;$276,61 
Microsoft;08/02/2022;$274,82 ;22754180;$276 ;$277,89 ;$272,38 
Microsoft;08/01/2022;$278,01 ;21539580;$277,82 ;$281,28 ;$275,84 
Microsoft;07/29/2022;$280,74 ;32152750;$277,70 ;$282 ;$276,63 
Microsoft;07/28/2022;$276,41 ;33459330;$269,75 ;$277,84 ;$267,87 
Microsoft;07/27/2022;$268,74 ;45994050;$261,16 ;$270,05 ;$258,85 
Microsoft;07/26/2022;$251,90 ;39347960;$259,86 ;$259,88 ;$249,57 
Microsoft;07/25/2022;$258,83 ;21056000;$261,00 ;$261,50 ;$256,81 
Microsoft;07/22/2022;$260,36 ;21881290;$265,24 ;$265,33 ;$259,07 
Microsoft;07/21/2022;$264,84 ;22404680;$259,79 ;$264,89 ;$257,03 
Microsoft;07/20/2022;$262,27 ;22788280;$259,90 ;$264,87 ;$258,91 
Microsoft;07/19/2022;$259,53 ;25012560;$257,58 ;$259,72 ;$253,68 
Microsoft;07/18/2022;$254,25 ;20975030;$259,75 ;$260,84 ;$253,30 
Microsoft;07/15/2022;$256,72 ;29774050;$255,72 ;$260,37 ;$254,77 
Microsoft;07/14/2022;$254,08 ;25102820;$250,57 ;$255,14 ;$245,94 
Microsoft;07/13/2022;$252,72 ;29497420;$250,19 ;$253,55 ;$248,11 
Microsoft;07/12/2022;$253,67 ;35868450;$265,88 ;$265,94 ;$252,04 
Microsoft;07/11/2022;$264,51 ;19519110;$265,65 ;$266,53 ;$262,18 
Microsoft;07/08/2022;$267,66 ;19658750;$264,79 ;$268,10 ;$263,29 
Microsoft;07/07/2022;$268,40 ;20859870;$265,12 ;$269,06 ;$265,02 
Microsoft;07/06/2022;$266,21 ;23824420;$263,75 ;$267,99 ;$262,40 
Microsoft;07/05/2022;$262,85 ;22971630;$256,16 ;$262,98 ;$254,74 
Microsoft;07/01/2022;$259,58 ;22837690;$256,39 ;$259,77 ;$254,61 
Microsoft;06/30/2022;$256,83 ;31730870;$257,05 ;$259,53 ;$252,90 
Microsoft;06/29/2022;$260,26 ;20069840;$257,59 ;$261,97 ;$255,76 
Microsoft;06/28/2022;$256,48 ;27380250;$263,98 ;$266,91 ;$256,32 
Microsoft;06/27/2022;$264,89 ;24615110;$268,21 ;$268,30 ;$263,28 
Microsoft;06/24/2022;$267,70 ;33923230;$261,81 ;$267,98 ;$261,72 
Microsoft;06/23/2022;$258,86 ;25861450;$255,57 ;$259,37 ;$253,63 
Microsoft;06/22/2022;$253,13 ;25961220;$251,89 ;$257,17 ;$250,37 
Microsoft;06/21/2022;$253,74 ;29928300;$250,26 ;$254,75 ;$249,51 
Microsoft;06/17/2022;$247,65 ;43084780;$244,70 ;$250,50 ;$244,03 
Microsoft;06/16/2022;$244,97 ;33169160;$245,98 ;$247,42 ;$243,02 
Microsoft;06/15/2022;$251,76 ;33111730;$248,31 ;$255,30 ;$246,42 
Microsoft;06/14/2022;$244,49 ;28651490;$243,86 ;$245,74 ;$241,51 
Microsoft;06/13/2022;$242,26 ;46135790;$245,11 ;$249,02 ;$241,53 
Microsoft;06/10/2022;$252,99 ;31445840;$260,58 ;$260,58 ;$252,53 
Microsoft;06/09/2022;$264,79 ;26439730;$267,78 ;$272,71 ;$264,63 
Microsoft;06/08/2022;$270,41 ;17372340;$271,71 ;$273 ;$269,61 
Microsoft;06/07/2022;$272,50 ;22860680;$266,64 ;$273,13 ;$265,94 
Microsoft;06/06/2022;$268,75 ;22400340;$272,06 ;$274,18 ;$267,22 
Microsoft;06/03/2022;$270,02 ;28058960;$270,31 ;$273,45 ;$268,41 
Microsoft;06/02/2022;$274,58 ;44008210;$264,45 ;$274,65 ;$261,60 
Microsoft;06/01/2022;$272,42 ;25292170;$275,20 ;$277,69 ;$270,04 
Microsoft;05/31/2022;$271,87 ;37827700;$272,53 ;$274,77 ;$268,93 
Microsoft;05/27/2022;$273,24 ;26910810;$268,48 ;$273,34 ;$267,56 
Microsoft;05/26/2022;$265,90 ;25002110;$262,27 ;$267,11 ;$261,43 
Microsoft;05/25/2022;$262,52 ;28547950;$258,14 ;$264,58 ;$257,13 
Microsoft;05/24/2022;$259,62 ;29043900;$257,89 ;$261,33 ;$253,50 
Microsoft;05/23/2022;$260,65 ;33175380;$255,49 ;$261,50 ;$253,43 
Microsoft;05/20/2022;$252,56 ;39199280;$257,24 ;$258,54 ;$246,44 
Microsoft;05/19/2022;$253,14 ;32692290;$253,90 ;$257,67 ;$251,88 
Microsoft;05/18/2022;$254,08 ;31355990;$263 ;$263,60 ;$252,77 
Microsoft;05/17/2022;$266,82 ;28828800;$266,11 ;$268,33 ;$262,46 
Microsoft;05/16/2022;$261,50 ;32550930;$259,96 ;$265,82 ;$255,78 
Microsoft;05/13/2022;$261,12 ;34925090;$257,35 ;$263,04 ;$255,35 
Microsoft;05/12/2022;$255,35 ;51033800;$257,69 ;$259,88 ;$250,02 
Microsoft;05/11/2022;$260,55 ;48975900;$265,68 ;$271,36 ;$259,30 
Microsoft;05/10/2022;$269,50 ;39336420;$271,69 ;$273,75 ;$265,07 
Microsoft;05/09/2022;$264,58 ;47725950;$270,06 ;$272,36 ;$263,32 
Microsoft;05/06/2022;$274,73 ;37780320;$274,81 ;$279,25 ;$271,27 
Microsoft;05/05/2022;$277,35 ;43260390;$285,54 ;$286,35 ;$274,34 
Microsoft;05/04/2022;$289,98 ;33599320;$282,59 ;$290,88 ;$276,73 
Microsoft;05/03/2022;$281,78 ;25978610;$283,96 ;$284,13 ;$280,15 
Microsoft;05/02/2022;$284,47 ;35151110;$277,71 ;$284,94 ;$276,22 
Microsoft;04/29/2022;$277,52 ;37073920;$288,61 ;$289,88 ;$276,50 
Microsoft;04/28/2022;$289,63 ;33646570;$285,19 ;$290,98 ;$281,46 
Microsoft;04/27/2022;$283,22 ;63477690;$282,10 ;$290,97 ;$279,16 
Microsoft;04/26/2022;$270,22 ;46518450;$277,50 ;$278,36 ;$270 
Microsoft;04/25/2022;$280,72 ;35678850;$273,29 ;$281,11 ;$270,77 
Microsoft;04/22/2022;$274,03 ;29405800;$281,68 ;$283,20 ;$273,38 
Microsoft;04/21/2022;$280,81 ;29454590;$288,58 ;$293,30 ;$280,06 
Microsoft;04/20/2022;$286,36 ;22906670;$289,40 ;$289,70 ;$285,37 
Microsoft;04/19/2022;$285,30 ;22297720;$279,38 ;$286,17 ;$278,41 
Microsoft;04/18/2022;$280,52 ;20778000;$278,91 ;$282,46 ;$278,34 
Microsoft;04/14/2022;$279,83 ;28221610;$288,09 ;$288,31 ;$279,32 
Microsoft;04/13/2022;$287,62 ;21907180;$282,73 ;$288,58 ;$281,30 
Microsoft;04/12/2022;$282,06 ;30966720;$289,24 ;$290,74 ;$280,49 
Microsoft;04/11/2022;$285,26 ;34569260;$291,79 ;$292,61 ;$285 
Microsoft;04/08/2022;$296,97 ;24361920;$300,44 ;$301,12 ;$296,28 
Microsoft;04/07/2022;$301,37 ;31411160;$296,66 ;$303,65 ;$296,35 
Microsoft;04/06/2022;$299,50 ;40110370;$305,19 ;$307 ;$296,71 
Microsoft;04/05/2022;$310,88 ;23156720;$313,27 ;$314,87 ;$309,87 
Microsoft;04/04/2022;$314,97 ;24335870;$310,09 ;$315,11 ;$309,71 
Microsoft;04/01/2022;$309,42 ;27110530;$309,37 ;$310,13 ;$305,54 
Microsoft;03/31/2022;$308,31 ;33422070;$313,90 ;$315,14 ;$307,89 
Microsoft;03/30/2022;$313,86 ;28163560;$313,76 ;$315,95 ;$311,58 
Microsoft;03/29/2022;$315,41 ;30393400;$313,91 ;$315,82 ;$309,05 
Microsoft;03/28/2022;$310,70 ;29578190;$304,33 ;$310,80 ;$304,33 
Microsoft;03/25/2022;$303,68 ;22566450;$305,23 ;$305,50 ;$299,29 
Microsoft;03/24/2022;$304,10 ;24484460;$299,14 ;$304,20 ;$298,32 
Microsoft;03/23/2022;$299,49 ;25715380;$300,51 ;$303,23 ;$297,72 
Microsoft;03/22/2022;$304,06 ;27599690;$299,80 ;$305 ;$298,77 
Microsoft;03/21/2022;$299,16 ;28351250;$298,89 ;$300,14 ;$294,90 
Microsoft;03/18/2022;$300,43 ;43390630;$295,37 ;$301 ;$292,73 
Microsoft;03/17/2022;$295,22 ;30816630;$293,29 ;$295,61 ;$289,37 
Microsoft;03/16/2022;$294,39 ;37826330;$289,11 ;$294,57 ;$283,20 
Microsoft;03/15/2022;$287,15 ;34245090;$280,35 ;$287,82 ;$278,73 
Microsoft;03/14/2022;$276,44 ;30660750;$280,34 ;$285,40 ;$275,82 
Microsoft;03/11/2022;$280,07 ;27209330;$287,96 ;$289,51 ;$279,43 
Microsoft;03/10/2022;$285,59 ;30628010;$283,02 ;$286,60 ;$280,58 
Microsoft;03/09/2022;$288,50 ;35204480;$283,44 ;$289,60 ;$280,78 
Microsoft;03/08/2022;$275,85 ;48159480;$277,80 ;$283,96 ;$270 
Microsoft;03/07/2022;$278,91 ;43157180;$288,53 ;$289,69 ;$278,53 
Microsoft;03/04/2022;$289,86 ;32369660;$294,29 ;$295,66 ;$287,17 
Microsoft;03/03/2022;$295,92 ;27314470;$302,89 ;$303,13 ;$294,05 
Microsoft;03/02/2022;$300,19 ;31873010;$295,36 ;$301,47 ;$293,70 
Microsoft;03/01/2022;$294,95 ;31217780;$296,40 ;$299,97 ;$292,15 
Microsoft;02/28/2022;$298,79 ;34627460;$294,31 ;$299,14 ;$293 
Microsoft;02/25/2022;$297,31 ;32546720;$295,14 ;$297,63 ;$291,66 
Microsoft;02/24/2022;$294,59 ;56989690;$272,51 ;$295,16 ;$271,52 
Microsoft;02/23/2022;$280,27 ;37811170;$290,18 ;$291,70 ;$280,10 
Tesla;02/23/2023;$202,07 ;146360000;$203,91 ;$205,14 ;$196,33 
Tesla;02/22/2023;$200,86 ;191828500;$197,93 ;$201,99 ;$191,78 
Tesla;02/21/2023;$197,37 ;180018600;$204,99 ;$209,71 ;$197,22 
Tesla;02/17/2023;$208,31 ;213738500;$199,99 ;$208,44 ;$197,50 
Tesla;02/16/2023;$202,04 ;229586500;$210,78 ;$217,65 ;$201,84 
Tesla;02/15/2023;$214,24 ;182108600;$211,76 ;$214,66 ;$206,11 
Tesla;02/14/2023;$209,25 ;216455700;$191,94 ;$209,82 ;$189,44 
Tesla;02/13/2023;$194,64 ;172475500;$194,42 ;$196,30 ;$187,61 
Tesla;02/10/2023;$196,89 ;204754100;$202,23 ;$206,20 ;$192,89 
Tesla;02/09/2023;$207,32 ;215431400;$207,78 ;$214 ;$204,77 
Tesla;02/08/2023;$201,29 ;180673600;$196,10 ;$203 ;$194,31 
Tesla;02/07/2023;$196,81 ;186010300;$196,43 ;$197,50 ;$189,55 
Tesla;02/06/2023;$194,76 ;186188100;$193,01 ;$198,17 ;$189,92 
Tesla;02/03/2023;$189,98 ;232662000;$183,95 ;$199 ;$183,69 
Tesla;02/02/2023;$188,27 ;217448300;$187,33 ;$196,75 ;$182,61 
Tesla;02/01/2023;$181,41 ;213806300;$173,89 ;$183,81 ;$169,93 
Tesla;01/31/2023;$173,22 ;196813500;$164,57 ;$174,30 ;$162,78 
Tesla;01/30/2023;$166,66 ;230878800;$178,05 ;$179,77 ;$166,50 
Tesla;01/27/2023;$177,90 ;306590600;$162,43 ;$180,68 ;$161,17 
Tesla;01/26/2023;$160,27 ;234815100;$159,97 ;$161,42 ;$154,76 
Tesla;01/25/2023;$144,43 ;192734300;$141,91 ;$146,41 ;$138,07 
Tesla;01/24/2023;$143,89 ;158699100;$143 ;$146,50 ;$141,10 
Tesla;01/23/2023;$143,75 ;203119200;$135,87 ;$145,38 ;$134,27 
Tesla;01/20/2023;$133,42 ;138858100;$128,68 ;$133,51 ;$127,35 
Tesla;01/19/2023;$127,17 ;170291900;$127,26 ;$129,99 ;$124,31 
Tesla;01/18/2023;$128,78 ;195680300;$136,56 ;$136,68 ;$127,01 
Tesla;01/17/2023;$131,49 ;186477000;$125,70 ;$131,70 ;$125,02 
Tesla;01/13/2023;$122,40 ;180714100;$116,55 ;$122,63 ;$115,60 
Tesla;01/12/2023;$123,56 ;169400900;$122,56 ;$124,13 ;$117 
Tesla;01/11/2023;$123,22 ;183810800;$122,09 ;$125,95 ;$120,51 
Tesla;01/10/2023;$118,85 ;167642500;$121,07 ;$122,76 ;$114,92 
Tesla;01/09/2023;$119,77 ;190284000;$118,96 ;$123,52 ;$117,11 
Tesla;01/06/2023;$113,06 ;220911100;$103 ;$114,39 ;$101,81 
Tesla;01/05/2023;$110,34 ;157986300;$110,51 ;$111,75 ;$107,16 
Tesla;01/04/2023;$113,64 ;180389000;$109,11 ;$114,59 ;$107,52 
Tesla;01/03/2023;$108,10 ;231402800;$118,47 ;$118,80 ;$104,64 
Tesla;12/30/2022;$123,18 ;157777300;$119,95 ;$124,48 ;$119,75 
Tesla;12/29/2022;$121,82 ;221923300;$120,39 ;$123,57 ;$117,50 
Tesla;12/28/2022;$112,71 ;221070500;$110,35 ;$116,27 ;$108,24 
Tesla;12/27/2022;$109,10 ;208643400;$117,50 ;$119,67 ;$108,76 
Tesla;12/23/2022;$123,15 ;166989700;$126,37 ;$128,62 ;$121,02 
Tesla;12/22/2022;$125,35 ;210090300;$136 ;$136,63 ;$122,26 
Tesla;12/21/2022;$137,57 ;145417400;$139,34 ;$141,26 ;$135,89 
Tesla;12/20/2022;$137,80 ;159563300;$146,05 ;$148,47 ;$137,66 
Tesla;12/19/2022;$149,87 ;139390600;$154 ;$155,25 ;$145,82 
Tesla;12/16/2022;$150,23 ;139032200;$159,64 ;$160,99 ;$150,04 
Tesla;12/15/2022;$157,67 ;122334500;$153,44 ;$160,93 ;$153,28 
Tesla;12/14/2022;$156,80 ;140682300;$159,25 ;$161,62 ;$155,31 
Tesla;12/13/2022;$160,95 ;175862700;$174,87 ;$175,05 ;$156,91 
Tesla;12/12/2022;$167,82 ;109794500;$176,10 ;$177,37 ;$167,52 
Tesla;12/09/2022;$179,05 ;104872300;$173,84 ;$182,50 ;$173,36 
Tesla;12/08/2022;$173,44 ;97624490;$172,20 ;$175,20 ;$169,06 
Tesla;12/07/2022;$174,04 ;84213280;$175,03 ;$179,38 ;$172,22 
Tesla;12/06/2022;$179,82 ;92150820;$181,22 ;$183,65 ;$175,33 
Tesla;12/05/2022;$182,45 ;93122670;$189,44 ;$191,27 ;$180,55 
Tesla;12/02/2022;$194,86 ;73645920;$191,78 ;$196,25 ;$191,11 
Tesla;12/01/2022;$194,70 ;80046210;$197,08 ;$198,92 ;$191,80 
Tesla;11/30/2022;$194,70 ;109186400;$182,43 ;$194,76 ;$180,63 
Tesla;11/29/2022;$180,83 ;83357110;$184,99 ;$186,38 ;$178,75 
Tesla;11/28/2022;$182,92 ;93038150;$179,96 ;$188,50 ;$179 
Tesla;11/25/2022;$182,86 ;50672740;$185,06 ;$185,20 ;$180,63 
Tesla;11/23/2022;$183,20 ;109536700;$173,57 ;$183,62 ;$172,50 
Tesla;11/22/2022;$169,91 ;78452330;$168,63 ;$170,92 ;$166,19 
Tesla;11/21/2022;$167,87 ;92882710;$175,85 ;$176,77 ;$167,54 
Tesla;11/18/2022;$180,19 ;76048870;$185,05 ;$185,19 ;$176,55 
Tesla;11/17/2022;$183,17 ;64335970;$183,96 ;$186,16 ;$180,90 
Tesla;11/16/2022;$186,92 ;66567600;$191,51 ;$192,57 ;$185,66 
Tesla;11/15/2022;$194,42 ;91293790;$195,88 ;$200,82 ;$192,06 
Tesla;11/14/2022;$190,95 ;92226650;$192,77 ;$195,73 ;$186,34 
Tesla;11/11/2022;$195,97 ;114403600;$186 ;$196,52 ;$182,59 
Tesla;11/10/2022;$190,72 ;132703000;$189,90 ;$191 ;$180,03 
Tesla;11/09/2022;$177,59 ;127062700;$190,78 ;$195,89 ;$177,12 
Tesla;11/08/2022;$191,30 ;128803400;$194,02 ;$195,20 ;$186,75 
Tesla;11/07/2022;$197,08 ;93916520;$208,65 ;$208,90 ;$196,66 
Tesla;11/04/2022;$207,47 ;98622210;$222,60 ;$223,80 ;$203,08 
Tesla;11/03/2022;$215,31 ;56538850;$211,36 ;$221,20 ;$210,14 
Tesla;11/02/2022;$214,98 ;63070290;$226,04 ;$227,87 ;$214,82 
Tesla;11/01/2022;$227,82 ;62688820;$234,05 ;$237,40 ;$227,28 
Tesla;10/31/2022;$227,54 ;61554340;$226,19 ;$229,85 ;$221,94 
Tesla;10/28/2022;$228,52 ;69152390;$225,40 ;$228,86 ;$216,35 
Tesla;10/27/2022;$225,09 ;61638820;$229,77 ;$233,81 ;$222,85 
Tesla;10/26/2022;$224,64 ;85327080;$219,40 ;$230,60 ;$218,20 
Tesla;10/25/2022;$222,42 ;96507870;$210,10 ;$224,35 ;$210 
Tesla;10/24/2022;$211,25 ;100446800;$205,82 ;$213,50 ;$198,59 
Tesla;10/21/2022;$214,44 ;75713750;$206,42 ;$214,66 ;$203,80 
Tesla;10/20/2022;$207,28 ;117798100;$208,28 ;$215,55 ;$202 
Tesla;10/19/2022;$222,04 ;66571480;$219,80 ;$222,93 ;$217,78 
Tesla;10/18/2022;$220,19 ;75891910;$229,50 ;$229,82 ;$217,25 
Tesla;10/17/2022;$219,35 ;79428810;$210,04 ;$221,86 ;$209,45 
Tesla;10/14/2022;$204,99 ;94124510;$224,01 ;$226,26 ;$204,16 
Tesla;10/13/2022;$221,72 ;91483050;$208,30 ;$222,99 ;$206,22 
Tesla;10/12/2022;$217,24 ;66860700;$215,33 ;$219,30 ;$211,51 
Tesla;10/11/2022;$216,50 ;77013200;$220,95 ;$225,75 ;$215 
Tesla;10/10/2022;$222,96 ;67925020;$223,93 ;$226,99 ;$218,36 
Tesla;10/07/2022;$223,07 ;83916800;$233,94 ;$234,57 ;$222,02 
Tesla;10/06/2022;$238,13 ;69298440;$239,44 ;$244,58 ;$235,35 
Tesla;10/05/2022;$240,81 ;86982670;$245,01 ;$246,67 ;$233,27 
Tesla;10/04/2022;$249,44 ;109578500;$250,52 ;$257,50 ;$242,01 
Tesla;10/03/2022;$242,40 ;98363540;$254,50 ;$255,16 ;$241,01 
Tesla;09/30/2022;$265,25 ;67726600;$266,15 ;$275,57 ;$262,47 
Tesla;09/29/2022;$268,21 ;77620640;$282,76 ;$283,65 ;$265,78 
Tesla;09/28/2022;$287,81 ;54664810;$283,08 ;$289 ;$277,57 
Tesla;09/27/2022;$282,94 ;61925190;$283,84 ;$288,67 ;$277,51 
Tesla;09/26/2022;$276,01 ;58076910;$271,83 ;$284,09 ;$270,31 
Tesla;09/23/2022;$275,33 ;63748360;$283,09 ;$284,50 ;$272,82 
Tesla;09/22/2022;$288,59 ;70545410;$299,86 ;$301,29 ;$285,82 
Tesla;09/21/2022;$300,80 ;62555660;$308,29 ;$313,80 ;$300,63 
Tesla;09/20/2022;$308,73 ;61642780;$306,91 ;$313,33 ;$305,58 
Tesla;09/19/2022;$309,07 ;60231160;$300,09 ;$309,84 ;$297,80 
Tesla;09/16/2022;$303,35 ;87087790;$299,61 ;$303,71 ;$295,60 
Tesla;09/15/2022;$303,75 ;64795520;$301,83 ;$309,12 ;$300,72 
Tesla;09/14/2022;$302,61 ;72628650;$292,24 ;$306 ;$291,64 
Tesla;09/13/2022;$292,13 ;68229620;$292,90 ;$297,40 ;$290,40 
Tesla;09/12/2022;$304,42 ;48674600;$300,72 ;$305,49 ;$300,40 
Tesla;09/09/2022;$299,68 ;54470850;$291,67 ;$299,85 ;$291,25 
Tesla;09/08/2022;$289,26 ;53713120;$281,30 ;$289,50 ;$279,76 
Tesla;09/07/2022;$283,70 ;50028920;$273,10 ;$283,84 ;$272,27 
Tesla;09/06/2022;$274,42 ;55859980;$272,68 ;$275,99 ;$265,74 
Tesla;09/02/2022;$270,21 ;50890090;$281,07 ;$282,35 ;$269,08 
Tesla;09/01/2022;$277,16 ;54287020;$272,58 ;$277,58 ;$266,15 
Tesla;08/31/2022;$275,61 ;52107340;$280,62 ;$281,25 ;$271,81 
Tesla;08/30/2022;$277,70 ;50541760;$287,87 ;$288,48 ;$272,65 
Tesla;08/29/2022;$284,82 ;41864740;$282,83 ;$287,74 ;$280,70 
Tesla;08/26/2022;$288,09 ;57163950;$297,43 ;$302 ;$287,47 
Tesla;08/25/2022;$296,07 ;53230010;$302,36 ;$302,96 ;$291,60 
Tesla;08/24/2022;$297,10 ;57259716;$297,56 ;$303,65 ;$296,50 
Tesla;08/23/2022;$296,45 ;63985056;$291,45 ;$298,83 ;$287,92 
Tesla;08/22/2022;$289,91 ;55843356;$291,91 ;$292,40 ;$286,30 
Tesla;08/19/2022;$296,67 ;61395396;$299 ;$300,36 ;$292,50 
Tesla;08/18/2022;$302,87 ;47500535;$306 ;$306,50 ;$301,85 
Tesla;08/17/2022;$304,00 ;68765977;$303,40 ;$309,66 ;$300,03 
Tesla;08/16/2022;$306,56 ;88136319;$311,67 ;$314,67 ;$302,88 
Tesla;08/15/2022;$309,32 ;89359179;$301,79 ;$313,13 ;$301,23 
Tesla;08/12/2022;$300,03 ;79657298;$289,42 ;$300,16 ;$285,03 
Tesla;08/11/2022;$286,63 ;70155067;$296,51 ;$298,24 ;$285,83 
Tesla;08/10/2022;$294,36 ;94918869;$297,07 ;$297,51 ;$283,37 
Tesla;08/09/2022;$283,33 ;86244699;$290,29 ;$292,40 ;$279,35 
Tesla;08/08/2022;$290,42 ;99365290;$295 ;$305,20 ;$289,09 
Tesla;08/05/2022;$288,17 ;113172911;$302,67 ;$304,61 ;$285,54 
Tesla;08/04/2022;$308,63 ;72256327;$311 ;$313,61 ;$305 
Tesla;08/03/2022;$307,40 ;80091128;$305 ;$309,55 ;$301,15 
Tesla;08/02/2022;$300,59 ;95577490;$294,00 ;$307,83 ;$292,67 
Tesla;08/01/2022;$297,28 ;117042912;$301,28 ;$311,88 ;$295 
Tesla;07/29/2022;$297,15 ;95312890;$280,70 ;$298,32 ;$279,10 
Tesla;07/28/2022;$280,90 ;84723008;$280,07 ;$283,30 ;$272,80 
Tesla;07/27/2022;$274,82 ;88110009;$263,81 ;$275,93 ;$261,79 
Tesla;07/26/2022;$258,86 ;66820777;$266,51 ;$267,31 ;$256,26 
Tesla;07/25/2022;$268,43 ;64073526;$272,22 ;$274,15 ;$267,40 
Tesla;07/22/2022;$272,24 ;103472860;$276,22 ;$280,79 ;$270,71 
Tesla;07/21/2022;$271,71 ;142032194;$255,11 ;$273,27 ;$254,87 
Tesla;07/20/2022;$247,50 ;88864089;$246,78 ;$250,66 ;$243,48 
Tesla;07/19/2022;$245,53 ;80890118;$245 ;$247,14 ;$236,98 
Tesla;07/18/2022;$240,55 ;82537448;$244,94 ;$250,52 ;$239,60 
Tesla;07/15/2022;$240,07 ;69683017;$240 ;$243,62 ;$236,89 
Tesla;07/14/2022;$238,31 ;78557498;$234,90 ;$238,65 ;$229,33 
Tesla;07/13/2022;$237,04 ;97954510;$225,50 ;$242,06 ;$225,03 
Tesla;07/12/2022;$233,07 ;87930969;$236,85 ;$239,77 ;$228,37 
Tesla;07/11/2022;$234,34 ;99509230;$252,10 ;$253,06 ;$233,63 
Tesla;07/08/2022;$250,76 ;101854090;$242,33 ;$254,98 ;$241,16 
Tesla;07/07/2022;$244,54 ;81930698;$233,92 ;$245,36 ;$232,21 
Tesla;07/06/2022;$231,73 ;71853637;$230,78 ;$234,56 ;$227,19 
Tesla;07/05/2022;$233,07 ;84779108;$223 ;$233,15 ;$216,17 
Tesla;07/01/2022;$227,26 ;74460457;$227 ;$230,23 ;$222,12 
Tesla;06/30/2022;$224,47 ;94600449;$224,51 ;$229,46 ;$218,86 
Tesla;06/29/2022;$228,49 ;82897268;$230,50 ;$231,17 ;$222,27 
Tesla;06/28/2022;$232,66 ;90666519;$244,48 ;$249,97 ;$232,34 
Tesla;06/27/2022;$244,92 ;89178309;$249,37 ;$252,07 ;$242,57 
Tesla;06/24/2022;$245,71 ;95770720;$237,47 ;$246,07 ;$236,09 
Tesla;06/23/2022;$235,07 ;104202700;$237,91 ;$239,32 ;$228,64 
Tesla;06/22/2022;$236,09 ;101527270;$234,50 ;$246,83 ;$233,83 
Tesla;06/21/2022;$237,04 ;122792982;$224,60 ;$243,58 ;$224,33 
Tesla;06/17/2022;$216,76 ;92641779;$213,43 ;$220,97 ;$213,20 
Tesla;06/16/2022;$213,10 ;107390711;$222,74 ;$225,17 ;$208,69 
Tesla;06/15/2022;$233 ;119131962;$220,92 ;$235,66 ;$218,15 
Tesla;06/14/2022;$220,89 ;97988800;$218,29 ;$226,33 ;$211,74 
Tesla;06/13/2022;$215,74 ;102767260;$223,17 ;$226,63 ;$214,68 
Tesla;06/10/2022;$232,23 ;98090920;$235,16 ;$239,50 ;$227,91 
Tesla;06/09/2022;$239,71 ;96491320;$249,34 ;$255,55 ;$239,33 
Tesla;06/08/2022;$241,87 ;76210628;$240,09 ;$249,96 ;$239,18 
Tesla;06/07/2022;$238,89 ;72808597;$234 ;$240,00 ;$230,09 
Tesla;06/06/2022;$238,28 ;84204518;$244,35 ;$244,87 ;$234,35 
Tesla;06/03/2022;$234,52 ;112393751;$243,23 ;$247,80 ;$233,42 
Tesla;06/02/2022;$258,33 ;93473139;$244,16 ;$264,21 ;$242,07 
Tesla;06/01/2022;$246,79 ;77247968;$251,72 ;$257,33 ;$243,64 
Tesla;05/31/2022;$252,75 ;101914390;$257,95 ;$259,60 ;$244,74 
Tesla;05/27/2022;$253,21 ;89294979;$241,08 ;$253,27 ;$240,18 
Tesla;05/26/2022;$235,91 ;106003361;$220,47 ;$239,56 ;$217,89 
Tesla;05/25/2022;$219,60 ;92139339;$207,95 ;$223,11 ;$207,67 
Tesla;05/24/2022;$209,39 ;89092539;$217,84 ;$217,97 ;$206,86 
Tesla;05/23/2022;$224,97 ;88903659;$218,34 ;$226,65 ;$212,69 
Tesla;05/20/2022;$221,30 ;144973334;$238,00 ;$240,53 ;$211 
Tesla;05/19/2022;$236,47 ;90296679;$235,67 ;$244,67 ;$231,37 
Tesla;05/18/2022;$236,60 ;87811809;$248,17 ;$253,50 ;$233,60 
Tesla;05/17/2022;$253,87 ;80236118;$249,12 ;$254,83 ;$242,95 
Tesla;05/16/2022;$241,46 ;86098539;$255,72 ;$256,59 ;$239,70 
Tesla;05/13/2022;$256,53 ;92150739;$257,83 ;$262,45 ;$250,52 
Tesla;05/12/2022;$242,67 ;140312864;$233,67 ;$253,22 ;$226,67 
Tesla;05/11/2022;$244,67 ;97224460;$265 ;$269,92 ;$242,40 
Tesla;05/10/2022;$266,68 ;84401648;$273,10 ;$275,12 ;$258,08 
Tesla;05/09/2022;$262,37 ;90810219;$278,82 ;$281,88 ;$260,38 
Tesla;05/06/2022;$288,55 ;72903127;$295,67 ;$296 ;$281,04 
Tesla;05/05/2022;$291,09 ;92519199;$313,07 ;$315,20 ;$285,90 
Tesla;05/04/2022;$317,54 ;81643718;$301,31 ;$318,50 ;$295,09 
Tesla;05/03/2022;$303,08 ;63709596;$301,06 ;$308,03 ;$296,20 
Tesla;05/02/2022;$300,98 ;75781388;$286,92 ;$302,12 ;$282,68 
Tesla;04/29/2022;$290,25 ;88133019;$300,75 ;$311,47 ;$290 
Tesla;04/28/2022;$292,50 ;124948542;$299,99 ;$300 ;$273,90 
Tesla;04/27/2022;$293,84 ;76956398;$299,53 ;$306 ;$292,45 
Tesla;04/26/2022;$292,14 ;136133684;$331,81 ;$333,33 ;$291,67 
Tesla;04/25/2022;$332,67 ;68341357;$326,32 ;$336,21 ;$325,10 
Tesla;04/22/2022;$335,02 ;69696577;$338,30 ;$344,95 ;$331,33 
Tesla;04/21/2022;$336,26 ;105416351;$358,24 ;$364,07 ;$332,14 
Tesla;04/20/2022;$325,73 ;70711327;$343,33 ;$344,67 ;$325,08 
Tesla;04/19/2022;$342,72 ;49847825;$335,02 ;$344,98 ;$331,78 
Tesla;04/18/2022;$334,76 ;51715235;$329,68 ;$338,31 ;$324,47 
Tesla;04/14/2022;$328,33 ;58422426;$333,10 ;$337,57 ;$327,40 
Tesla;04/13/2022;$340,79 ;55121226;$327,03 ;$342,08 ;$324,37 
Tesla;04/12/2022;$328,98 ;65976097;$332,55 ;$340,40 ;$325,53 
Tesla;04/11/2022;$325,31 ;59357226;$326,80 ;$336,16 ;$324,88 
Tesla;04/08/2022;$341,83 ;55013706;$347,74 ;$349,48 ;$340,81 
Tesla;04/07/2022;$352,42 ;79447058;$350,80 ;$358,86 ;$340,51 
Tesla;04/06/2022;$348,59 ;89348559;$357,82 ;$359,67 ;$342,57 
Tesla;04/05/2022;$363,75 ;80075018;$378,77 ;$384,29 ;$362,43 
Tesla;04/04/2022;$381,82 ;82177718;$363,13 ;$383,30 ;$357,51 
Tesla;04/01/2022;$361,53 ;54263225;$360,38 ;$364,92 ;$355,55 
Tesla;03/31/2022;$359,20 ;48992765;$364,86 ;$367,71 ;$358,88 
Tesla;03/30/2022;$364,66 ;59865006;$363,72 ;$371,32 ;$361,33 
Tesla;03/29/2022;$366,52 ;73614817;$369,33 ;$371,59 ;$357,70 
Tesla;03/28/2022;$363,95 ;102506080;$355,03 ;$365,96 ;$351,20 
Tesla;03/25/2022;$336,88 ;62031546;$336 ;$340,60 ;$332,44 
Tesla;03/24/2022;$337,97 ;68920897;$336,58 ;$341,50 ;$329,60 
Tesla;03/23/2022;$333,04 ;120676152;$326,65 ;$346,90 ;$325,47 
Tesla;03/22/2022;$331,33 ;105868571;$310 ;$332,62 ;$307,25 
Tesla;03/21/2022;$307,05 ;81981668;$304,99 ;$314,28 ;$302,36 
Tesla;03/18/2022;$301,80 ;100414210;$291,50 ;$302,62 ;$289,13 
Tesla;03/17/2022;$290,53 ;66582967;$277,00 ;$291,67 ;$275,24 
Tesla;03/16/2022;$280,08 ;84028838;$269,67 ;$280,67 ;$267,42 
Tesla;03/15/2022;$267,30 ;66841147;$258,42 ;$268,52 ;$252,19 
Tesla;03/14/2022;$255,46 ;71152267;$260,20 ;$266,90 ;$252,01 
Tesla;03/11/2022;$265,12 ;67037167;$280,07 ;$281,27 ;$264,59 
Tesla;03/10/2022;$279,43 ;58648656;$283,82 ;$284,82 ;$270,12 
Tesla;03/09/2022;$286,32 ;59183976;$279,83 ;$286,85 ;$277,34 
Tesla;03/08/2022;$274,80 ;80399108;$265,18 ;$283,33 ;$260,72 
Tesla;03/07/2022;$268,19 ;72494167;$285,43 ;$288,71 ;$268,19 
Tesla;03/04/2022;$279,43 ;67179877;$283,03 ;$285,22 ;$275,05 
Tesla;03/03/2022;$279,76 ;61623516;$292,92 ;$295,48 ;$277,53 
Tesla;03/02/2022;$293,30 ;74643457;$290,71 ;$295,49 ;$281,42 
Tesla;03/01/2022;$288,12 ;74766877;$289,89 ;$296,63 ;$284,59 
Tesla;02/28/2022;$290,14 ;99006880;$271,67 ;$292,29 ;$271,57 
Tesla;02/25/2022;$269,96 ;76067768;$269,74 ;$273,17 ;$260,80 
Tesla;02/24/2022;$266,92 ;135322304;$233,46 ;$267,49 ;$233,33 
Tesla;02/23/2022;$254,68 ;95257030;$276,81 ;$278,43 ;$253,52 
Oracle;02/23/2023;$88,58 ;8637135;$87,15 ;$89,48 ;$87,06 
Oracle;02/22/2023;$86,32 ;5840102;$86,68 ;$87,18 ;$85,98 
Oracle;02/21/2023;$86,20 ;5260328;$86,76 ;$86,94 ;$86,15 
Oracle;02/17/2023;$87,28 ;6398487;$87,20 ;$87,43 ;$86,51 
Oracle;02/16/2023;$87,72 ;5942533;$87,46 ;$88,27 ;$87,01 
Oracle;02/15/2023;$88,34 ;4330547;$88,85 ;$89,21 ;$88,03 
Oracle;02/14/2023;$89,09 ;7484776;$89 ;$89,41 ;$87,71 
Oracle;02/13/2023;$89,42 ;5560902;$87,28 ;$89,45 ;$87,20 
Oracle;02/10/2023;$87,14 ;5318403;$86,53 ;$87,38 ;$86,34 
Oracle;02/09/2023;$86,65 ;4960391;$87,14 ;$87,90 ;$86,33 
Oracle;02/08/2023;$86,69 ;7624398;$86,93 ;$87,92 ;$86,51 
Oracle;02/07/2023;$87,74 ;9226071;$87,87 ;$88,02 ;$86,30 
Oracle;02/06/2023;$88,53 ;4097311;$89,51 ;$89,61 ;$88,40 
Oracle;02/03/2023;$89,62 ;5671823;$88,47 ;$90,26 ;$88,27 
Oracle;02/02/2023;$89,38 ;8269151;$90,66 ;$91,22 ;$88,95 
Oracle;02/01/2023;$90,05 ;6141252;$88,37 ;$90,65 ;$88,21 
Oracle;01/31/2023;$88,46 ;6200413;$87,69 ;$88,48 ;$87,35 
Oracle;01/30/2023;$87,35 ;6255306;$88,47 ;$88,62 ;$86,99 
Oracle;01/27/2023;$88,99 ;5676836;$89,50 ;$89,72 ;$88,96 
Oracle;01/26/2023;$89,83 ;7302869;$89,89 ;$90,49 ;$89,09 
Oracle;01/25/2023;$89,64 ;5896812;$88,70 ;$89,86 ;$87,74 
Oracle;01/24/2023;$89,70 ;7004581;$89,05 ;$90,10 ;$88 
Oracle;01/23/2023;$88,97 ;7390256;$87,19 ;$89,13 ;$86,97 
Oracle;01/20/2023;$87,25 ;5567493;$86,03 ;$87,38 ;$85,50 
Oracle;01/19/2023;$85,94 ;5597039;$86,40 ;$86,99 ;$85,26 
Oracle;01/18/2023;$86,71 ;6397707;$88,60 ;$88,63 ;$86,60 
Oracle;01/17/2023;$88,60 ;6550412;$89,19 ;$89,44 ;$88,43 
Oracle;01/13/2023;$89,20 ;5090938;$87,95 ;$89,47 ;$87,66 
Oracle;01/12/2023;$88,78 ;6071099;$88,70 ;$89,20 ;$88,17 
Oracle;01/11/2023;$88,60 ;8359667;$87,37 ;$88,66 ;$87,09 
Oracle;01/10/2023;$86,50 ;5703270;$85,64 ;$86,61 ;$85,57 
Oracle;01/09/2023;$86,42 ;7519836;$86,84 ;$87,59 ;$86,16 
Oracle;01/06/2023;$85,66 ;8641597;$84,74 ;$86,34 ;$83,82 
Oracle;01/05/2023;$84,31 ;7643784;$85 ;$85,40 ;$83,22 
Oracle;01/04/2023;$84,48 ;7836238;$84,20 ;$85,17 ;$83,64 
Oracle;01/03/2023;$83,72 ;8997534;$82,47 ;$83,84 ;$82,26 
Oracle;12/30/2022;$81,74 ;5375702;$81,13 ;$81,93 ;$80,76 
Oracle;12/29/2022;$81,40 ;3867801;$80,97 ;$81,80 ;$80,70 
Oracle;12/28/2022;$80,33 ;3794094;$81,09 ;$81,64 ;$80,20 
Oracle;12/27/2022;$80,98 ;4290843;$80,88 ;$81,47 ;$80,61 
Oracle;12/23/2022;$80,85 ;4129226;$80,51 ;$80,90 ;$79,99 
Oracle;12/22/2022;$80,49 ;8182431;$80,94 ;$81,17 ;$79,43 
Oracle;12/21/2022;$81,50 ;5932395;$81,35 ;$82,14 ;$80,94 
Oracle;12/20/2022;$80,94 ;6390180;$80,50 ;$81,49 ;$80,35 
Oracle;12/19/2022;$80,50 ;7738813;$79,92 ;$81,10 ;$79,68 
Oracle;12/16/2022;$79,58 ;19200750;$79,96 ;$80,46 ;$79,48 
Oracle;12/15/2022;$80,07 ;8198939;$80,79 ;$81,03 ;$79,46 
Oracle;12/14/2022;$81,82 ;11183150;$80,81 ;$82,89 ;$80,57 
Oracle;12/13/2022;$80,56 ;22812160;$84,94 ;$85,58 ;$79,70 
Oracle;12/12/2022;$81,28 ;15807550;$80,31 ;$81,41 ;$79,94 
Oracle;12/09/2022;$79,86 ;6850806;$79,65 ;$80,36 ;$79,54 
Oracle;12/08/2022;$80,07 ;5918748;$79,13 ;$80,21 ;$78,53 
Oracle;12/07/2022;$78,78 ;5105512;$78,67 ;$79,45 ;$78,58 
Oracle;12/06/2022;$78,91 ;7656126;$79,35 ;$79,82 ;$78,06 
Oracle;12/05/2022;$79,43 ;9102943;$82,41 ;$82,42 ;$79,41 
Oracle;12/02/2022;$83,35 ;4798927;$83,20 ;$83,62 ;$82,58 
Oracle;12/01/2022;$84,11 ;6127308;$83,05 ;$84,53 ;$82,35 
Oracle;11/30/2022;$83,03 ;9610329;$80,47 ;$83,18 ;$80 
Oracle;11/29/2022;$80,85 ;4928270;$81,33 ;$81,50 ;$80,52 
Oracle;11/28/2022;$81,39 ;5113103;$82,11 ;$82,14 ;$81,07 
Oracle;11/25/2022;$82,72 ;2754876;$82,85 ;$83,49 ;$82,54 
Oracle;11/23/2022;$82,56 ;6347899;$82,12 ;$82,92 ;$81,78 
Oracle;11/22/2022;$82,12 ;8796154;$79,89 ;$82,21 ;$79,83 
Oracle;11/21/2022;$79,82 ;5235554;$79,57 ;$80,10 ;$78,90 
Oracle;11/18/2022;$79,73 ;6106989;$80 ;$80,46 ;$78,85 
Oracle;11/17/2022;$79,20 ;5717402;$79,17 ;$79,58 ;$78,19 
Oracle;11/16/2022;$79,89 ;6011890;$79,12 ;$80,23 ;$78,87 
Oracle;11/15/2022;$79,18 ;7618478;$78,93 ;$80,68 ;$78,01 
Oracle;11/14/2022;$78,53 ;7152952;$77,48 ;$79,54 ;$77,34 
Oracle;11/11/2022;$77,74 ;7712925;$77,13 ;$77,89 ;$76,57 
Oracle;11/10/2022;$77,17 ;10437310;$77,70 ;$78,47 ;$76,71 
Oracle;11/09/2022;$75,66 ;6013703;$75,38 ;$76,54 ;$75 
Oracle;11/08/2022;$75,64 ;9104244;$76,95 ;$77,14 ;$75,02 
Oracle;11/07/2022;$76,74 ;5394281;$76,11 ;$77,09 ;$75,49 
Oracle;11/04/2022;$76 ;7218982;$75,94 ;$76,67 ;$74,24 
Oracle;11/03/2022;$75,03 ;6761242;$74,72 ;$75,69 ;$74,05 
Oracle;11/02/2022;$75,12 ;7524547;$76,65 ;$77,43 ;$75,01 
Oracle;11/01/2022;$77,11 ;7752961;$78,60 ;$79,23 ;$76,34 
Oracle;10/31/2022;$78,07 ;12348960;$76,50 ;$78,33 ;$76,40 
Oracle;10/28/2022;$77,36 ;8758344;$75,30 ;$77,68 ;$75,30 
Oracle;10/27/2022;$75,15 ;7053018;$74,75 ;$75,88 ;$74,55 
Oracle;10/26/2022;$74,82 ;10693740;$72,61 ;$75,72 ;$72,55 
Oracle;10/25/2022;$73,14 ;9137741;$73,45 ;$74,11 ;$72,61 
Oracle;10/24/2022;$72,92 ;11489360;$72,93 ;$73,69 ;$71,78 
Oracle;10/21/2022;$72,70 ;15652600;$71,03 ;$72,79 ;$70,31 
Oracle;10/20/2022;$69,25 ;17600530;$67,53 ;$69,92 ;$67,19 
Oracle;10/19/2022;$66,30 ;5506033;$66,49 ;$67,19 ;$65,78 
Oracle;10/18/2022;$67,03 ;6688607;$68 ;$68,58 ;$66,33 
Oracle;10/17/2022;$67,02 ;11368320;$65,88 ;$67,57 ;$65,87 
Oracle;10/14/2022;$64,31 ;8045062;$65,72 ;$66,62 ;$64,21 
Oracle;10/13/2022;$65,20 ;10147220;$62,48 ;$65,71 ;$62,27 
Oracle;10/12/2022;$63,78 ;9008662;$62,62 ;$64,28 ;$62,17 
Oracle;10/11/2022;$62,41 ;7377104;$61,85 ;$63,10 ;$61,65 
Oracle;10/10/2022;$62,57 ;6407213;$63,61 ;$63,90 ;$62,02 
Oracle;10/07/2022;$63,29 ;7138048;$64,49 ;$64,62 ;$62,74 
Oracle;10/06/2022;$65,30 ;6991998;$66,33 ;$66,81 ;$65,23 
Oracle;10/05/2022;$66,64 ;9201607;$65,34 ;$67,19 ;$64,98 
Oracle;10/04/2022;$65,69 ;9892607;$63,80 ;$65,83 ;$63,80 
Oracle;10/03/2022;$63,08 ;9661405;$60,99 ;$63,24 ;$60,81 
Oracle;09/30/2022;$61,07 ;9794421;$61,26 ;$62,14 ;$61,06 
Oracle;09/29/2022;$61,40 ;8882075;$62,29 ;$62,60 ;$60,78 
Oracle;09/28/2022;$63,07 ;8549898;$62,62 ;$63,35 ;$62,25 
Oracle;09/27/2022;$62,42 ;9284984;$64,16 ;$64,40 ;$62,04 
Oracle;09/26/2022;$63,45 ;6897757;$64,33 ;$64,92 ;$63,39 
Oracle;09/23/2022;$64,55 ;9282634;$65,35 ;$65,44 ;$63,87 
Oracle;09/22/2022;$66,03 ;7190884;$66,85 ;$66,94 ;$65,84 
Oracle;09/21/2022;$66,75 ;6768203;$68,71 ;$68,88 ;$66,74 
Oracle;09/20/2022;$68,11 ;8624496;$68,27 ;$68,46 ;$67,45 
Oracle;09/19/2022;$69,07 ;8363973;$68,20 ;$69,13 ;$67,91 
Oracle;09/16/2022;$68,83 ;23411960;$69,58 ;$69,80 ;$68,25 
Oracle;09/15/2022;$70,24 ;12478140;$71,50 ;$72,09 ;$69,75 
Oracle;09/14/2022;$72,12 ;21601360;$75,79 ;$75,87 ;$71,77 
Oracle;09/13/2022;$76,04 ;29476530;$76,06 ;$79,41 ;$75,78 
Oracle;09/12/2022;$77,08 ;15628850;$76,63 ;$77,38 ;$76,27 
Oracle;09/09/2022;$75,91 ;7764742;$74,65 ;$76,01 ;$74,44 
Oracle;09/08/2022;$74,65 ;6897091;$74,03 ;$74,80 ;$73,61 
Oracle;09/07/2022;$74,49 ;5792572;$73,68 ;$74,67 ;$73,42 
Oracle;09/06/2022;$73,83 ;7090148;$74,70 ;$75,20 ;$73,55 
Oracle;09/02/2022;$74,68 ;11027700;$75,74 ;$76,77 ;$74,48 
Oracle;09/01/2022;$75,30 ;8139759;$74,12 ;$75,37 ;$73,53 
Oracle;08/31/2022;$74,15 ;8612925;$74,46 ;$75,15 ;$74,04 
Oracle;08/30/2022;$74,14 ;5099130;$74,42 ;$74,67 ;$73,46 
Oracle;08/29/2022;$74,19 ;4295701;$74,11 ;$74,86 ;$74,07 
Oracle;08/26/2022;$74,65 ;4904315;$76,98 ;$77,26 ;$74,57 
Oracle;08/25/2022;$76,89 ;3523549;$76,34 ;$76,91 ;$75,98 
Oracle;08/24/2022;$76,17 ;3876359;$76,47 ;$76,56 ;$76,05 
Oracle;08/23/2022;$76,41 ;4432266;$76,25 ;$77,01 ;$76,25 
Oracle;08/22/2022;$76,46 ;5757837;$77,93 ;$77,93 ;$76,17 
Oracle;08/19/2022;$78,66 ;4679022;$79,03 ;$79,13 ;$78,44 
Oracle;08/18/2022;$79,32 ;4120543;$79,28 ;$79,88 ;$79,01 
Oracle;08/17/2022;$79,25 ;5185253;$79 ;$79,77 ;$78,95 
Oracle;08/16/2022;$79,52 ;6185088;$78,90 ;$79,66 ;$78,85 
Oracle;08/15/2022;$79,11 ;3733644;$78,84 ;$79,42 ;$78,50 
Oracle;08/12/2022;$79,15 ;6692347;$78 ;$79,42 ;$77,66 
Oracle;08/11/2022;$77,16 ;5555003;$77,95 ;$78 ;$77,08 
Oracle;08/10/2022;$77,54 ;5258490;$77,59 ;$77,98 ;$77,20 
Oracle;08/09/2022;$76,77 ;4243763;$76,21 ;$76,91 ;$75,84 
Oracle;08/08/2022;$76,47 ;4733592;$76,92 ;$77,43 ;$76,27 
Oracle;08/05/2022;$77,35 ;4858132;$76,27 ;$77,40 ;$76 
Oracle;08/04/2022;$77,40 ;3656151;$77,45 ;$77,85 ;$77,11 
Oracle;08/03/2022;$77,37 ;6127778;$76,72 ;$77,76 ;$76,30 
Oracle;08/02/2022;$76,35 ;6403482;$76,99 ;$77,26 ;$76,06 
Oracle;08/01/2022;$77,44 ;5227535;$77,18 ;$77,81 ;$76,70 
Oracle;07/29/2022;$77,84 ;5926562;$77,01 ;$78,16 ;$77 
Oracle;07/28/2022;$77,04 ;5688062;$75,64 ;$77,28 ;$75,31 
Oracle;07/27/2022;$75,87 ;6677226;$74,38 ;$76,12 ;$74,32 
Oracle;07/26/2022;$74,03 ;7284442;$74,80 ;$75,30 ;$73,71 
Oracle;07/25/2022;$74,86 ;5721609;$75,10 ;$75,43 ;$74,34 
Oracle;07/22/2022;$74,90 ;6659961;$74,82 ;$75,29 ;$74,26 
Oracle;07/21/2022;$74,54 ;7005112;$72,15 ;$74,63 ;$72,13 
Oracle;07/20/2022;$72,59 ;5655726;$72,55 ;$73,10 ;$72,16 
Oracle;07/19/2022;$72,24 ;7160284;$70,64 ;$72,30 ;$70,26 
Oracle;07/18/2022;$70,21 ;4642410;$71,25 ;$71,71 ;$70,15 
Oracle;07/15/2022;$70,74 ;5134170;$70,26 ;$70,87 ;$70 
Oracle;07/14/2022;$69,45 ;4915580;$69,16 ;$69,59 ;$68,23 
Oracle;07/13/2022;$70,03 ;6454765;$69,05 ;$70,53 ;$68,68 
Oracle;07/12/2022;$70,41 ;7140901;$71,60 ;$71,94 ;$70,07 
Oracle;07/11/2022;$71,57 ;4554846;$71 ;$71,97 ;$70,90 
Oracle;07/08/2022;$71,87 ;4927307;$71,69 ;$72,24 ;$71,33 
Oracle;07/07/2022;$71,83 ;7814621;$71,83 ;$71,98 ;$71,18 
Oracle;07/06/2022;$71,66 ;6043679;$72,32 ;$72,74 ;$71,31 
Oracle;07/05/2022;$71,99 ;9043000;$70,38 ;$72 ;$70,18 
Oracle;07/01/2022;$70,87 ;7805555;$69,85 ;$70,98 ;$69,81 
Oracle;06/30/2022;$69,87 ;9888767;$68,21 ;$70,25 ;$68,21 
Oracle;06/29/2022;$69,21 ;8077928;$69,03 ;$70,09 ;$68,78 
Oracle;06/28/2022;$68,58 ;7253564;$70,57 ;$71,07 ;$68,53 
Oracle;06/27/2022;$70,41 ;8840843;$69,37 ;$70,85 ;$68,94 
Oracle;06/24/2022;$70,70 ;20132580;$68,33 ;$70,78 ;$67,97 
Oracle;06/23/2022;$67,63 ;8775794;$66,45 ;$67,87 ;$66,31 
Oracle;06/22/2022;$66,53 ;8222382;$66,93 ;$67,57 ;$66,38 
Oracle;06/21/2022;$67,68 ;10047750;$68,61 ;$69,53 ;$67,39 
Oracle;06/17/2022;$67,72 ;16445640;$68,75 ;$69,37 ;$67,39 
Oracle;06/16/2022;$68,71 ;10685990;$68,50 ;$68,96 ;$67,58 
Oracle;06/15/2022;$69,70 ;11765550;$70,45 ;$71,42 ;$68,67 
Oracle;06/14/2022;$70,72 ;29661300;$72 ;$72,43 ;$69,02 
Oracle;06/13/2022;$64,05 ;16547250;$65,78 ;$66,10 ;$63,76 
Oracle;06/10/2022;$67,14 ;10261570;$67,98 ;$68,22 ;$66,96 
Oracle;06/09/2022;$69,22 ;6828482;$70,77 ;$71,16 ;$69,20 
Oracle;06/08/2022;$71,38 ;5253466;$72,01 ;$72,15 ;$70,94 
Oracle;06/07/2022;$72,69 ;5675655;$71,59 ;$73,13 ;$71,59 
Oracle;06/06/2022;$72,97 ;5274706;$72,63 ;$74,84 ;$72,63 
Oracle;06/03/2022;$71,79 ;8169519;$72,56 ;$72,96 ;$71,23 
Oracle;06/02/2022;$73,14 ;6200443;$71,48 ;$73,19 ;$71,01 
Oracle;06/01/2022;$71,60 ;5804707;$73,02 ;$73,27 ;$71,15 
Oracle;05/31/2022;$71,92 ;16890350;$72,23 ;$72,98 ;$71,52 
Oracle;05/27/2022;$72,78 ;6566671;$72,36 ;$72,85 ;$71,55 
Oracle;05/26/2022;$71,66 ;6759102;$70,13 ;$72,12 ;$69,91 
Oracle;05/25/2022;$69,83 ;7103302;$68,88 ;$70,22 ;$68,77 
Oracle;05/24/2022;$69,03 ;6644122;$69,67 ;$70,53 ;$68,31 
Oracle;05/23/2022;$70,04 ;7370173;$69,31 ;$70,47 ;$68,67 
Oracle;05/20/2022;$68,63 ;7531062;$67,88 ;$68,69 ;$66,85 
Oracle;05/19/2022;$67,04 ;9451784;$67,48 ;$67,90 ;$66,72 
Oracle;05/18/2022;$68,30 ;7977287;$70,80 ;$70,94 ;$67,81 
Oracle;05/17/2022;$71,88 ;5952505;$71,05 ;$71,90 ;$70,70 
Oracle;05/16/2022;$69,71 ;6942287;$70,69 ;$70,91 ;$69,39 
Oracle;05/13/2022;$71,17 ;6700124;$70,96 ;$71,98 ;$70,53 
Oracle;05/12/2022;$70,73 ;11698890;$70,88 ;$70,93 ;$68,97 
Oracle;05/11/2022;$71,03 ;6932051;$72,31 ;$73,46 ;$70,87 
Oracle;05/10/2022;$72,53 ;8129032;$72,50 ;$73,62 ;$71,27 
Oracle;05/09/2022;$71,54 ;7019736;$71,64 ;$72,59 ;$71,17 
Oracle;05/06/2022;$72,49 ;6222457;$72,13 ;$72,94 ;$71,63 
Oracle;05/05/2022;$72,80 ;7197207;$74 ;$74,72 ;$71,99 
Oracle;05/04/2022;$75,21 ;6760142;$73,38 ;$75,35 ;$72,79 
Oracle;05/03/2022;$73,29 ;5211626;$73,85 ;$74,21 ;$72,81 
Oracle;05/02/2022;$74 ;7379947;$73,93 ;$74,60 ;$72,53 
Oracle;04/29/2022;$73,40 ;7946947;$75,34 ;$75,87 ;$73,15 
Oracle;04/28/2022;$76,14 ;6178748;$75,52 ;$76,63 ;$74,60 
Oracle;04/27/2022;$74,76 ;7279244;$74,58 ;$76,02 ;$74,42 
Oracle;04/26/2022;$74,51 ;7555238;$76,35 ;$76,65 ;$74,48 
Oracle;04/25/2022;$76,98 ;7305933;$76,20 ;$77,06 ;$74,70 
Oracle;04/22/2022;$76,21 ;9357054;$79,27 ;$79,70 ;$76,16 
Oracle;04/21/2022;$79,48 ;5616095;$81,49 ;$81,60 ;$79,33 
Oracle;04/20/2022;$80,29 ;9472638;$79,79 ;$81,86 ;$79,79 
Oracle;04/19/2022;$79,56 ;5412371;$78,25 ;$79,78 ;$78,24 
Oracle;04/18/2022;$78,22 ;4955883;$79,15 ;$79,98 ;$77,91 
Oracle;04/14/2022;$79,45 ;5590385;$79,83 ;$80,36 ;$79,32 
Oracle;04/13/2022;$79,75 ;4728639;$79,26 ;$79,96 ;$78,63 
Oracle;04/12/2022;$79,33 ;6174735;$79,95 ;$80,99 ;$79,02 
Oracle;04/11/2022;$79,76 ;5738411;$80,63 ;$81,13 ;$79,70 
Oracle;04/08/2022;$80,94 ;6182460;$81,71 ;$81,83 ;$80,26 
Oracle;04/07/2022;$81,54 ;7112164;$81,25 ;$82,01 ;$80,78 
Oracle;04/06/2022;$82,12 ;5492353;$81,92 ;$82,47 ;$81,37 
Oracle;04/05/2022;$82,94 ;5143421;$83,40 ;$84,52 ;$82,67 
Oracle;04/04/2022;$84,07 ;7884320;$82,25 ;$84,30 ;$82 
Oracle;04/01/2022;$82,01 ;6147478;$83,04 ;$83,36 ;$81,47 
Oracle;03/31/2022;$82,73 ;9433347;$83,11 ;$83,91 ;$82,59 
Oracle;03/30/2022;$83,36 ;5533157;$83,96 ;$84,36 ;$83,12 
Oracle;03/29/2022;$84,29 ;5762029;$84,49 ;$84,51 ;$83,11 
Oracle;03/28/2022;$83,60 ;6626753;$81,74 ;$83,71 ;$81,74 
Oracle;03/25/2022;$81,73 ;5685003;$82,04 ;$82,84 ;$81,23 
Oracle;03/24/2022;$82,24 ;7025694;$80,65 ;$82,82 ;$80,49 
Oracle;03/23/2022;$80,39 ;7451282;$81,25 ;$81,41 ;$80,22 
Oracle;03/22/2022;$81,80 ;9292304;$81,46 ;$82,23 ;$80,83 
Oracle;03/21/2022;$80,96 ;8131283;$81,28 ;$81,98 ;$80,27 
Oracle;03/18/2022;$81,68 ;24176040;$79,63 ;$81,99 ;$78,84 
Oracle;03/17/2022;$80,60 ;10462540;$79,78 ;$81,29 ;$79,26 
Oracle;03/16/2022;$79,96 ;14071330;$81 ;$81,23 ;$77,75 
Oracle;03/15/2022;$80,60 ;16847190;$78,05 ;$81,54 ;$77,07 
Oracle;03/14/2022;$77,07 ;13306300;$77,92 ;$78,60 ;$75,44 
Oracle;03/11/2022;$77,82 ;22795850;$76,70 ;$79,90 ;$74 
Oracle;03/10/2022;$76,65 ;13812600;$75,10 ;$76,85 ;$75,03 
Oracle;03/09/2022;$76,10 ;8959496;$74,92 ;$76,95 ;$74,69 
Oracle;03/08/2022;$73,33 ;9134057;$73,84 ;$75,23 ;$73,12 
Oracle;03/07/2022;$74,32 ;11110150;$76,29 ;$76,39 ;$73,45 
Oracle;03/04/2022;$76,49 ;8841964;$77,67 ;$77,91 ;$75,78 
Oracle;03/03/2022;$78,25 ;8203025;$78,96 ;$79,04 ;$77,43 
Oracle;03/02/2022;$78,28 ;8527165;$76,45 ;$78,86 ;$76,25 
Oracle;03/01/2022;$76,01 ;8752131;$75,98 ;$76,50 ;$75,62 
Oracle;02/28/2022;$75,97 ;9234369;$75,57 ;$76,70 ;$75,02 
Oracle;02/25/2022;$76,35 ;8291803;$74,65 ;$76,84 ;$74,32 
Oracle;02/24/2022;$74,81 ;11240470;$70,94 ;$74,95 ;$70,23 
Oracle;02/23/2022;$72,47 ;6807081;$74,07 ;$74,38 ;$72,35 
Walmart;02/23/2023;$142,09 ;7340419;$144,37 ;$144,37 ;$140,71 
Walmart;02/22/2023;$144,24 ;9947985;$146,77 ;$147,57 ;$142,76 
Walmart;02/21/2023;$147,33 ;18131280;$142,88 ;$148,34 ;$142,15 
Walmart;02/17/2023;$146,44 ;8256940;$145,11 ;$146,69 ;$144,57 
Walmart;02/16/2023;$144,27 ;5437386;$145,48 ;$145,99 ;$144,18 
Walmart;02/15/2023;$146,57 ;4892684;$144,96 ;$146,60 ;$144,56 
Walmart;02/14/2023;$145,49 ;4610630;$145,73 ;$147,13 ;$144,56 
Walmart;02/13/2023;$145,91 ;5338635;$144,71 ;$146,12 ;$144,51 
Walmart;02/10/2023;$143,72 ;5000947;$143,09 ;$143,94 ;$142,17 
Walmart;02/09/2023;$141,52 ;4354979;$140,87 ;$141,94 ;$140,57 
Walmart;02/08/2023;$140,22 ;3897058;$140,33 ;$141,10 ;$139,99 
Walmart;02/07/2023;$140,98 ;5447116;$139,77 ;$141,30 ;$138,69 
Walmart;02/06/2023;$140,68 ;5817971;$141,82 ;$142,10 ;$140,03 
Walmart;02/03/2023;$141,71 ;5718501;$143,36 ;$143,96 ;$140,86 
Walmart;02/02/2023;$143,62 ;5935591;$144,41 ;$144,86 ;$142,94 
Walmart;02/01/2023;$144,67 ;4283059;$143,66 ;$145,61 ;$142,70 
Walmart;01/31/2023;$143,87 ;4701157;$142,32 ;$143,88 ;$141,66 
Walmart;01/30/2023;$142,15 ;5299156;$142,12 ;$142,45 ;$141,27 
Walmart;01/27/2023;$143,30 ;6137582;$142,60 ;$144,47 ;$141,75 
Walmart;01/26/2023;$142,21 ;5273032;$143,03 ;$143,75 ;$141,76 
Walmart;01/25/2023;$142,34 ;4163912;$142,24 ;$142,84 ;$140,39 
Walmart;01/24/2023;$143,02 ;4556450;$146,55 ;$159,88 ;$141 
Walmart;01/23/2023;$142,64 ;4383271;$140,46 ;$143,01 ;$140,20 
Walmart;01/20/2023;$140,54 ;9847661;$139,40 ;$140,78 ;$138,17 
Walmart;01/19/2023;$138,83 ;5780700;$141,39 ;$141,53 ;$138,79 
Walmart;01/18/2023;$140,84 ;7558141;$144,20 ;$144,25 ;$140,48 
Walmart;01/17/2023;$144,41 ;5040811;$145,29 ;$145,71 ;$144,20 
Walmart;01/13/2023;$145,29 ;4566729;$145,53 ;$145,82 ;$143,86 
Walmart;01/12/2023;$144,81 ;4157593;$146,41 ;$146,42 ;$144,39 
Walmart;01/11/2023;$146,13 ;4944866;$145,74 ;$146,18 ;$144,73 
Walmart;01/10/2023;$144,86 ;3990219;$144,94 ;$145,45 ;$143,73 
Walmart;01/09/2023;$144,95 ;5918873;$146,32 ;$147,86 ;$144,80 
Walmart;01/06/2023;$146,78 ;7077269;$144,60 ;$147,55 ;$144,24 
Walmart;01/05/2023;$143,27 ;4424807;$143,46 ;$144,13 ;$142,65 
Walmart;01/04/2023;$143,76 ;4446303;$143,42 ;$144,05 ;$142,07 
Walmart;01/03/2023;$143,60 ;5749895;$142,55 ;$143,71 ;$142,09 
Walmart;12/30/2022;$141,79 ;3835316;$141,56 ;$141,99 ;$140,81 
Walmart;12/29/2022;$142,15 ;3057412;$142,14 ;$143,02 ;$141,75 
Walmart;12/28/2022;$141,29 ;5082062;$143,47 ;$143,67 ;$140,91 
Walmart;12/27/2022;$143,81 ;3348406;$144,04 ;$144,45 ;$143,19 
Walmart;12/23/2022;$143,77 ;3182568;$143,05 ;$143,80 ;$142,28 
Walmart;12/22/2022;$143,48 ;4362066;$144,77 ;$144,98 ;$141,93 
Walmart;12/21/2022;$145,18 ;4575507;$144,32 ;$145,94 ;$144,26 
Walmart;12/20/2022;$144,05 ;5669767;$142,92 ;$144,64 ;$142,25 
Walmart;12/19/2022;$142,80 ;5022485;$143,01 ;$143,56 ;$141,73 
Walmart;12/16/2022;$142,75 ;13447740;$144,48 ;$144,72 ;$142,57 
Walmart;12/15/2022;$145,36 ;5839323;$145,58 ;$146,42 ;$143,63 
Walmart;12/14/2022;$146,67 ;6778208;$147,09 ;$148,53 ;$145,96 
Walmart;12/13/2022;$147,49 ;7802889;$150 ;$150,20 ;$146,74 
Walmart;12/12/2022;$148,02 ;6477443;$145,90 ;$148,10 ;$145,56 
Walmart;12/09/2022;$145,31 ;9309818;$147,47 ;$147,72 ;$145,22 
Walmart;12/08/2022;$148,78 ;4504214;$149,16 ;$149,28 ;$148,14 
Walmart;12/07/2022;$149,11 ;5850070;$150,50 ;$151,21 ;$148,82 
Walmart;12/06/2022;$149,89 ;6875202;$151,20 ;$151,91 ;$149,21 
Walmart;12/05/2022;$151,65 ;7869424;$152,75 ;$153 ;$150,51 
Walmart;12/02/2022;$153,22 ;6911044;$151,48 ;$153,24 ;$151,48 
Walmart;12/01/2022;$153,37 ;7577389;$152,05 ;$153,61 ;$150,73 
Walmart;11/30/2022;$152,42 ;10445990;$152,61 ;$152,77 ;$151,20 
Walmart;11/29/2022;$152,97 ;4614051;$153,03 ;$153,71 ;$152,55 
Walmart;11/28/2022;$153,51 ;5893321;$152,72 ;$154,64 ;$152,72 
Walmart;11/25/2022;$153,07 ;2925807;$152,12 ;$153,09 ;$151,86 
Walmart;11/23/2022;$152,42 ;5640225;$152,08 ;$153,37 ;$151,88 
Walmart;11/22/2022;$151,69 ;5632847;$152 ;$152,45 ;$151,12 
Walmart;11/21/2022;$151,15 ;7052359;$150,61 ;$152,14 ;$150,19 
Walmart;11/18/2022;$150,23 ;6328950;$149,67 ;$150,24 ;$148,77 
Walmart;11/17/2022;$148 ;8265936;$147,01 ;$148,73 ;$146,71 
Walmart;11/16/2022;$148,50 ;10864410;$147,88 ;$150,20 ;$147,12 
Walmart;11/15/2022;$147,44 ;25516230;$145,61 ;$150,27 ;$144,55 
Walmart;11/14/2022;$138,39 ;12508640;$141,64 ;$143,32 ;$138,27 
Walmart;11/11/2022;$142,58 ;6423640;$142,67 ;$143,12 ;$139,99 
Walmart;11/10/2022;$142,36 ;6770204;$142,51 ;$142,69 ;$140,50 
Walmart;11/09/2022;$139,47 ;5310723;$142,76 ;$143,16 ;$139,21 
Walmart;11/08/2022;$142,79 ;5022837;$142,58 ;$144,08 ;$141,51 
Walmart;11/07/2022;$142,45 ;3788036;$141,26 ;$142,97 ;$141,26 
Walmart;11/04/2022;$140,97 ;4889768;$142,03 ;$142,21 ;$138,80 
Walmart;11/03/2022;$140,72 ;3658788;$139,51 ;$141,71 ;$139,08 
Walmart;11/02/2022;$140,75 ;5176022;$141,16 ;$143,57 ;$140,70 
Walmart;11/01/2022;$141,69 ;4938327;$142,97 ;$143,55 ;$141,50 
Walmart;10/31/2022;$142,33 ;7524024;$142,34 ;$143,07 ;$141,77 
Walmart;10/28/2022;$142,51 ;4549390;$140,05 ;$142,90 ;$140,04 
Walmart;10/27/2022;$140,73 ;5534310;$141,01 ;$142,10 ;$140,30 
Walmart;10/26/2022;$141,14 ;6921059;$140,36 ;$142,04 ;$139,82 
Walmart;10/25/2022;$140,07 ;5017065;$139,09 ;$140,44 ;$138,32 
Walmart;10/24/2022;$139,41 ;6268879;$137,45 ;$140,48 ;$137,13 
Walmart;10/21/2022;$136,80 ;6044897;$134,81 ;$137,41 ;$134 
Walmart;10/20/2022;$134,09 ;4251646;$133,98 ;$135,40 ;$133,65 
Walmart;10/19/2022;$133,76 ;3779827;$134,33 ;$134,73 ;$132,97 
Walmart;10/18/2022;$134,14 ;5614055;$133,43 ;$135,10 ;$133,33 
Walmart;10/17/2022;$131,37 ;5937465;$130,96 ;$132,83 ;$130,59 
Walmart;10/14/2022;$130,43 ;5547555;$132,44 ;$133,22 ;$130,05 
Walmart;10/13/2022;$132,28 ;6848502;$129,28 ;$132,94 ;$128,37 
Walmart;10/12/2022;$131,17 ;5649193;$133,01 ;$134,77 ;$130,97 
Walmart;10/11/2022;$132,67 ;7092041;$129,51 ;$133,80 ;$129,46 
Walmart;10/10/2022;$129,32 ;3803852;$129,53 ;$129,93 ;$128,28 
Walmart;10/07/2022;$128,56 ;5693463;$131,31 ;$131,65 ;$128,07 
Walmart;10/06/2022;$131,68 ;4733488;$133,08 ;$134,48 ;$131,58 
Walmart;10/05/2022;$132,92 ;4851276;$133,76 ;$134,62 ;$132,51 
Walmart;10/04/2022;$134,25 ;5378122;$133,86 ;$135,20 ;$133,37 
Walmart;10/03/2022;$132,53 ;5858259;$130,24 ;$132,79 ;$130,01 
Walmart;09/30/2022;$129,70 ;6534061;$132,24 ;$132,36 ;$129,70 
Walmart;09/29/2022;$132,25 ;5080533;$133,50 ;$134,12 ;$131,63 
Walmart;09/28/2022;$133,11 ;5612761;$131,41 ;$133,65 ;$129,72 
Walmart;09/27/2022;$130,95 ;5659860;$132,23 ;$133,43 ;$130,30 
Walmart;09/26/2022;$131,31 ;7670361;$128,75 ;$132,14 ;$128,27 
Walmart;09/23/2022;$130,06 ;9065131;$132,87 ;$133,18 ;$128,77 
Walmart;09/22/2022;$133,39 ;5581458;$134,57 ;$134,72 ;$132,84 
Walmart;09/21/2022;$134,77 ;8301190;$135,44 ;$137,45 ;$134,62 
Walmart;09/20/2022;$133,55 ;4654483;$133,48 ;$133,88 ;$132,54 
Walmart;09/19/2022;$134,33 ;5617727;$132,82 ;$134,76 ;$132,47 
Walmart;09/16/2022;$133,19 ;13958130;$132 ;$134,55 ;$131,28 
Walmart;09/15/2022;$133,47 ;6729778;$135,05 ;$135,15 ;$132,97 
Walmart;09/14/2022;$134,92 ;6644898;$135,63 ;$136,53 ;$134,10 
Walmart;09/13/2022;$135,22 ;5895775;$136,86 ;$137,95 ;$134,81 
Walmart;09/12/2022;$138,07 ;4761506;$137,08 ;$138,25 ;$136,97 
Walmart;09/09/2022;$136,84 ;5381762;$136,30 ;$137,50 ;$136,13 
Walmart;09/08/2022;$136,43 ;5652008;$135,40 ;$136,87 ;$134,88 
Walmart;09/07/2022;$135,74 ;5686324;$133,06 ;$135,97 ;$132,74 
Walmart;09/06/2022;$132,34 ;7299870;$133,05 ;$133,62 ;$130,72 
Walmart;09/02/2022;$133 ;5744847;$134,85 ;$135,67 ;$132,43 
Walmart;09/01/2022;$134,48 ;7247267;$132,54 ;$135,14 ;$132,40 
Walmart;08/31/2022;$132,55 ;7486916;$132,78 ;$133,79 ;$131,93 
Walmart;08/30/2022;$132,48 ;4822677;$133,34 ;$133,65 ;$131,74 
Walmart;08/29/2022;$132,88 ;5793855;$130,83 ;$133,87 ;$130,59 
Walmart;08/26/2022;$131,60 ;7110615;$136,11 ;$136,83 ;$131,52 
Walmart;08/25/2022;$135,87 ;6471534;$135,28 ;$135,99 ;$135,03 
Walmart;08/24/2022;$134,97 ;5255512;$134,35 ;$135,30 ;$133,60 
Walmart;08/23/2022;$134 ;5651696;$134,61 ;$134,96 ;$133,21 
Walmart;08/22/2022;$134,57 ;6222407;$136,20 ;$136,72 ;$134,44 
Walmart;08/19/2022;$137,02 ;7639558;$138,92 ;$139,07 ;$136,91 
Walmart;08/18/2022;$139,07 ;6399178;$139,53 ;$140,42 ;$138,50 
Walmart;08/17/2022;$139,52 ;13930700;$138,57 ;$142,72 ;$138,40 
Walmart;08/16/2022;$139,37 ;30591110;$138,90 ;$140,93 ;$138,19 
Walmart;08/15/2022;$132,60 ;8838708;$131,63 ;$133,57 ;$131,36 
Walmart;08/12/2022;$132,22 ;8874966;$130 ;$132,84 ;$129,82 
Walmart;08/11/2022;$129,82 ;7951494;$129,70 ;$130,37 ;$128,60 
Walmart;08/10/2022;$129,14 ;8416994;$130 ;$130,15 ;$128,39 
Walmart;08/09/2022;$128,87 ;6441670;$127,89 ;$128,97 ;$127,21 
Walmart;08/08/2022;$127,61 ;6061110;$126,65 ;$128,21 ;$126,61 
Walmart;08/05/2022;$126,58 ;10668960;$125,51 ;$126,81 ;$125,12 
Walmart;08/04/2022;$125,57 ;17702000;$130,67 ;$130,80 ;$125,33 
Walmart;08/03/2022;$130,50 ;10667700;$132,16 ;$132,94 ;$129,86 
Walmart;08/02/2022;$132,68 ;6565006;$133,15 ;$133,71 ;$131,40 
Walmart;08/01/2022;$132,54 ;8332092;$131,06 ;$134,23 ;$131 
Walmart;07/29/2022;$132,05 ;10047280;$128,32 ;$132,27 ;$128,01 
Walmart;07/28/2022;$129,75 ;11087440;$126,27 ;$130,51 ;$126,27 
Walmart;07/27/2022;$126,59 ;14053230;$121,24 ;$126,77 ;$121,03 
Walmart;07/26/2022;$121,98 ;31797180;$121,13 ;$122,69 ;$120,06 
Walmart;07/25/2022;$132,02 ;6845054;$132,39 ;$132,70 ;$131,46 
Walmart;07/22/2022;$132,21 ;4538767;$132,54 ;$133,39 ;$131,23 
Walmart;07/21/2022;$132,55 ;6254884;$130,68 ;$132,56 ;$130,50 
Walmart;07/20/2022;$130,64 ;6188272;$130,51 ;$131,31 ;$129,50 
Walmart;07/19/2022;$129,56 ;5665085;$129,39 ;$129,96 ;$128,60 
Walmart;07/18/2022;$128,77 ;4747912;$128,65 ;$130,30 ;$128,26 
Walmart;07/15/2022;$129,07 ;7061417;$128,80 ;$130,27 ;$128,05 
Walmart;07/14/2022;$127,82 ;6968463;$124,16 ;$128,32 ;$124,14 
Walmart;07/13/2022;$125,37 ;4229706;$124,44 ;$126,46 ;$123,91 
Walmart;07/12/2022;$125,07 ;4577423;$125,11 ;$127,13 ;$124,72 
Walmart;07/11/2022;$125,45 ;3844626;$125,02 ;$126,33 ;$124,62 
Walmart;07/08/2022;$125,40 ;4917023;$125,82 ;$126,61 ;$125,15 
Walmart;07/07/2022;$125,32 ;5829096;$125,19 ;$125,53 ;$124,12 
Walmart;07/06/2022;$125,13 ;7100041;$124,48 ;$126,28 ;$124,30 
Walmart;07/05/2022;$124,25 ;6073237;$122,21 ;$124,51 ;$121,61 
Walmart;07/01/2022;$122,63 ;5820323;$121,94 ;$122,92 ;$121,16 
Walmart;06/30/2022;$121,58 ;6388745;$120,88 ;$122,06 ;$119,89 
Walmart;06/29/2022;$121,92 ;6370540;$122,89 ;$123,35 ;$120,97 
Walmart;06/28/2022;$122,37 ;5133858;$124,66 ;$125,57 ;$122,29 
Walmart;06/27/2022;$124,12 ;6629684;$123,78 ;$124,74 ;$122,79 
Walmart;06/24/2022;$123,72 ;10615320;$124,09 ;$125,31 ;$123,16 
Walmart;06/23/2022;$123,62 ;6013643;$121,75 ;$123,96 ;$121,20 
Walmart;06/22/2022;$120,69 ;6748385;$122,10 ;$123,25 ;$120,59 
Walmart;06/21/2022;$122,17 ;7972173;$118,30 ;$122,78 ;$118,22 
Walmart;06/17/2022;$118,29 ;12279630;$120,02 ;$120,88 ;$117,97 
Walmart;06/16/2022;$120,62 ;10235630;$118,35 ;$121,76 ;$118,23 
Walmart;06/15/2022;$119,38 ;8637951;$119,97 ;$120,41 ;$117,90 
Walmart;06/14/2022;$119,46 ;7181447;$119,13 ;$120 ;$118,17 
Walmart;06/13/2022;$119,41 ;8299294;$119,74 ;$121,24 ;$119,09 
Walmart;06/10/2022;$121,70 ;8415608;$119,75 ;$122,74 ;$119,34 
Walmart;06/09/2022;$121,02 ;6628738;$122 ;$124,35 ;$120,99 
Walmart;06/08/2022;$122,30 ;7507557;$122,35 ;$123,91 ;$121,95 
Walmart;06/07/2022;$123,37 ;15902630;$121,24 ;$123,49 ;$120,88 
Walmart;06/06/2022;$124,87 ;6618491;$125,82 ;$126,30 ;$124,59 
Walmart;06/03/2022;$125,32 ;6100907;$126,67 ;$127,42 ;$125,09 
Walmart;06/02/2022;$127,51 ;7738131;$125,57 ;$127,53 ;$124,33 
Walmart;06/01/2022;$125,45 ;9511562;$128,50 ;$128,92 ;$124,68 
Walmart;05/31/2022;$128,63 ;12304140;$127,46 ;$129,90 ;$127,42 
Walmart;05/27/2022;$128,48 ;8433266;$125,49 ;$128,62 ;$125,31 
Walmart;05/26/2022;$126 ;9399236;$125,30 ;$126,40 ;$124,40 
Walmart;05/25/2022;$123,37 ;9040627;$124 ;$124,67 ;$122,60 
Walmart;05/24/2022;$124,13 ;11528280;$121,21 ;$124,55 ;$121,08 
Walmart;05/23/2022;$122,60 ;14560280;$119,92 ;$123,77 ;$119,86 
Walmart;05/20/2022;$119,20 ;16451980;$119,64 ;$120,84 ;$117,27 
Walmart;05/19/2022;$119,07 ;23669500;$120,87 ;$121,79 ;$118,60 
Walmart;05/18/2022;$122,43 ;34751040;$128,03 ;$128,27 ;$121,53 
Walmart;05/17/2022;$131,35 ;44313390;$136,43 ;$137,44 ;$130,64 
Walmart;05/16/2022;$148,21 ;7149665;$149,38 ;$149,73 ;$146,46 
Walmart;05/13/2022;$148,05 ;6654056;$147,71 ;$148,38 ;$146,14 
Walmart;05/12/2022;$147,48 ;8414841;$147,86 ;$150,15 ;$146,52 
Walmart;05/11/2022;$147,62 ;9292911;$149,40 ;$150,75 ;$146,91 
Walmart;05/10/2022;$149,18 ;8287106;$151,43 ;$152,29 ;$148,56 
Walmart;05/09/2022;$151,31 ;9402359;$148,47 ;$153,10 ;$148,19 
Walmart;05/06/2022;$149,56 ;11419360;$151,71 ;$153,95 ;$148,27 
Walmart;05/05/2022;$152,74 ;7744773;$153,64 ;$153,83 ;$151,40 
Walmart;05/04/2022;$154,62 ;6674223;$152,03 ;$154,82 ;$151,51 
Walmart;05/03/2022;$152,51 ;5983685;$152,43 ;$154,28 ;$151,78 
Walmart;05/02/2022;$151,98 ;6672001;$154,96 ;$154,99 ;$150,32 
Walmart;04/29/2022;$152,99 ;7029553;$155,81 ;$156,22 ;$152,71 
Walmart;04/28/2022;$156,21 ;4990343;$155,23 ;$156,98 ;$154,10 
Walmart;04/27/2022;$154,24 ;5832260;$155,53 ;$156,20 ;$154,02 
Walmart;04/26/2022;$155,30 ;6533677;$156,37 ;$158,13 ;$155,20 
Walmart;04/25/2022;$156,94 ;6019179;$156,37 ;$157,47 ;$154,35 
Walmart;04/22/2022;$156,86 ;7015439;$160,25 ;$160,36 ;$156,66 
Walmart;04/21/2022;$159,87 ;6056100;$159,92 ;$160,77 ;$159,07 
Walmart;04/20/2022;$159,63 ;6607171;$158,35 ;$160,35 ;$158,30 
Walmart;04/19/2022;$157,65 ;5284973;$156,67 ;$157,95 ;$156,04 
Walmart;04/18/2022;$155,88 ;4890605;$156,75 ;$157,98 ;$155,21 
Walmart;04/14/2022;$157,08 ;7453493;$157,11 ;$158,29 ;$156,43 
Walmart;04/13/2022;$157,22 ;9761532;$153,45 ;$157,79 ;$153,35 
Walmart;04/12/2022;$153,23 ;8920400;$154,24 ;$155,40 ;$152,55 
Walmart;04/11/2022;$154,29 ;8237585;$156,97 ;$158,24 ;$153,63 
Walmart;04/08/2022;$157,41 ;7764845;$156,91 ;$158,41 ;$156,21 
Walmart;04/07/2022;$156,54 ;9029354;$155,10 ;$157,54 ;$154,44 
Walmart;04/06/2022;$154,99 ;9339477;$151,02 ;$155,42 ;$150,50 
Walmart;04/05/2022;$151,47 ;6219269;$150,88 ;$153,33 ;$150,88 
Walmart;04/04/2022;$151,04 ;8445829;$150,91 ;$153,20 ;$150,08 
Walmart;04/01/2022;$151,01 ;6979933;$149,66 ;$151,27 ;$148,84 
Walmart;03/31/2022;$148,92 ;9054626;$148,79 ;$150,54 ;$148,18 
Walmart;03/30/2022;$149,87 ;8330524;$147,13 ;$150,18 ;$147,04 
Walmart;03/29/2022;$147,23 ;6644813;$146,60 ;$148,10 ;$146,25 
Walmart;03/28/2022;$146 ;6701881;$143,50 ;$146,06 ;$143,30 
Walmart;03/25/2022;$143,45 ;4696082;$143,45 ;$143,93 ;$142,27 
Walmart;03/24/2022;$142,83 ;4480295;$142,39 ;$143,91 ;$141,88 
Walmart;03/23/2022;$141,95 ;6541845;$143,14 ;$143,73 ;$141,52 
Walmart;03/22/2022;$143,80 ;6745041;$144,61 ;$144,97 ;$142,98 
Walmart;03/21/2022;$144,23 ;7116876;$145,43 ;$147,29 ;$143,62 
Walmart;03/18/2022;$145,44 ;10411140;$145,18 ;$145,57 ;$144,11 
Walmart;03/17/2022;$145,01 ;6341006;$144,45 ;$145,30 ;$142,65 
Walmart;03/16/2022;$145,35 ;8205319;$145,39 ;$146,94 ;$143,70 
Walmart;03/15/2022;$145,78 ;7624161;$144,53 ;$146,15 ;$143,85 
Walmart;03/14/2022;$144,05 ;7548765;$142,02 ;$144,85 ;$141,99 
Walmart;03/11/2022;$142,07 ;6387420;$142,30 ;$144,05 ;$141,88 
Walmart;03/10/2022;$142,63 ;9170929;$139,49 ;$143 ;$139,01 
Walmart;03/09/2022;$139,46 ;7374312;$140 ;$140,24 ;$138,14 
Walmart;03/08/2022;$138,74 ;9435176;$141,50 ;$142,46 ;$138,58 
Walmart;03/07/2022;$141,67 ;15290030;$141,30 ;$143,63 ;$140,45 
Walmart;03/04/2022;$142,82 ;11860220;$137,81 ;$142,94 ;$137,59 
Walmart;03/03/2022;$139,29 ;9961736;$137,29 ;$140,47 ;$136,55 
Walmart;03/02/2022;$136,16 ;7954751;$135,66 ;$136,83 ;$135,18 
Walmart;03/01/2022;$135,99 ;8008347;$135,87 ;$137,89 ;$135,02 
Walmart;02/28/2022;$135,16 ;8762227;$135 ;$136,07 ;$133,77 
Walmart;02/25/2022;$136,38 ;8332590;$134,81 ;$136,78 ;$134,09 
Walmart;02/24/2022;$134,53 ;10572480;$133,91 ;$135,01 ;$132,01 
Walmart;02/23/2022;$135,05 ;7010313;$136,86 ;$137,19 ;$134,84 
